Location,Period,BCG immunization coverage among 1-year-olds (%)
Afghanistan,2023,68
Afghanistan,2022,69
Afghanistan,2021,65
Afghanistan,2020,72
Afghanistan,2019,74
Afghanistan,2018,82
Afghanistan,2017,80
Afghanistan,2016,78
Afghanistan,2015,76
Afghanistan,2014,74
Afghanistan,2013,72
Afghanistan,2012,78
Afghanistan,2011,71
Afghanistan,2010,68
Afghanistan,2009,64
Afghanistan,2008,66
Afghanistan,2007,60
Afghanistan,2006,60
Afghanistan,2005,57
Afghanistan,2004,51
Afghanistan,2003,44
Afghanistan,2002,46
Afghanistan,2001,43
Afghanistan,2000,30
Albania,2023,99
Albania,2022,99
Albania,2021,99
Albania,2020,98
Albania,2019,99
Albania,2018,99
Albania,2017,99
Albania,2016,99
Albania,2015,99
Albania,2014,99
Albania,2013,99
Albania,2012,96
Albania,2011,97
Albania,2010,99
Albania,2009,97
Albania,2008,99
Albania,2007,98
Albania,2006,97
Albania,2005,98
Albania,2004,97
Albania,2003,95
Albania,2002,94
Albania,2001,93
Albania,2000,93
Algeria,2023,99
Algeria,2022,98
Algeria,2021,98
Algeria,2020,99
Algeria,2019,99
Algeria,2018,99
Algeria,2017,99
Algeria,2016,99
Algeria,2015,99
Algeria,2014,99
Algeria,2013,99
Algeria,2012,99
Algeria,2011,99
Algeria,2010,99
Algeria,2009,99
Algeria,2008,99
Algeria,2007,99
Algeria,2006,99
Algeria,2005,98
Algeria,2004,98
Algeria,2003,98
Algeria,2002,98
Algeria,2001,97
Algeria,2000,97
Angola,2023,73
Angola,2022,60
Angola,2021,56
Angola,2020,58
Angola,2019,69
Angola,2018,72
Angola,2017,69
Angola,2016,40
Angola,2015,64
Angola,2014,72
Angola,2013,71
Angola,2012,73
Angola,2011,74
Angola,2010,79
Angola,2009,70
Angola,2008,73
Angola,2007,75
Angola,2006,54
Angola,2005,51
Angola,2004,63
Angola,2003,54
Angola,2002,76
Angola,2001,70
Angola,2000,53
Argentina,2023,69
Argentina,2022,81
Argentina,2021,80
Argentina,2020,75
Argentina,2019,85
Argentina,2018,93
Argentina,2017,95
Argentina,2016,92
Argentina,2015,96
Argentina,2014,99
Argentina,2013,99
Argentina,2012,99
Argentina,2011,99
Argentina,2010,99
Argentina,2009,99
Argentina,2008,99
Argentina,2007,99
Argentina,2006,99
Argentina,2005,99
Argentina,2004,99
Argentina,2003,99
Argentina,2002,95
Argentina,2001,92
Argentina,2000,95
Armenia,2023,99
Armenia,2022,98
Armenia,2021,98
Armenia,2020,99
Armenia,2019,99
Armenia,2018,99
Armenia,2017,99
Armenia,2016,99
Armenia,2015,99
Armenia,2014,99
Armenia,2013,99
Armenia,2012,96
Armenia,2011,96
Armenia,2010,95
Armenia,2009,99
Armenia,2008,98
Armenia,2007,94
Armenia,2006,91
Armenia,2005,94
Armenia,2004,96
Armenia,2003,92
Armenia,2002,97
Armenia,2001,96
Armenia,2000,97
Azerbaijan,2023,95
Azerbaijan,2022,96
Azerbaijan,2021,95
Azerbaijan,2020,94
Azerbaijan,2019,96
Azerbaijan,2018,97
Azerbaijan,2017,97
Azerbaijan,2016,98
Azerbaijan,2015,98
Azerbaijan,2014,98
Azerbaijan,2013,98
Azerbaijan,2012,98
Azerbaijan,2011,99
Azerbaijan,2010,98
Azerbaijan,2009,95
Azerbaijan,2008,92
Azerbaijan,2007,88
Azerbaijan,2006,86
Azerbaijan,2005,82
Azerbaijan,2004,82
Azerbaijan,2003,83
Azerbaijan,2002,82
Azerbaijan,2001,83
Azerbaijan,2000,81
Bangladesh,2023,99
Bangladesh,2022,99
Bangladesh,2021,99
Bangladesh,2020,99
Bangladesh,2019,99
Bangladesh,2018,99
Bangladesh,2017,99
Bangladesh,2016,99
Bangladesh,2015,99
Bangladesh,2014,99
Bangladesh,2013,99
Bangladesh,2012,98
Bangladesh,2011,99
Bangladesh,2010,98
Bangladesh,2009,99
Bangladesh,2008,99
Bangladesh,2007,98
Bangladesh,2006,97
Bangladesh,2005,97
Bangladesh,2004,96
Bangladesh,2003,93
Bangladesh,2002,95
Bangladesh,2001,95
Bangladesh,2000,94
Belarus,2023,98
Belarus,2022,98
Belarus,2021,98
Belarus,2020,97
Belarus,2019,97
Belarus,2018,98
Belarus,2017,98
Belarus,2016,98
Belarus,2015,97
Belarus,2014,98
Belarus,2013,99
Belarus,2012,98
Belarus,2011,99
Belarus,2010,99
Belarus,2009,98
Belarus,2008,98
Belarus,2007,98
Belarus,2006,99
Belarus,2005,99
Belarus,2004,99
Belarus,2003,99
Belarus,2002,99
Belarus,2001,99
Belarus,2000,99
Belize,2023,88
Belize,2022,92
Belize,2021,84
Belize,2020,76
Belize,2019,95
Belize,2018,99
Belize,2017,90
Belize,2016,94
Belize,2015,98
Belize,2014,98
Belize,2013,99
Belize,2012,98
Belize,2011,98
Belize,2010,98
Belize,2009,99
Belize,2008,98
Belize,2007,99
Belize,2006,97
Belize,2005,96
Belize,2004,99
Belize,2003,99
Belize,2002,96
Belize,2001,98
Belize,2000,96
Benin,2023,93
Benin,2022,89
Benin,2021,90
Benin,2020,86
Benin,2019,87
Benin,2018,87
Benin,2017,88
Benin,2016,88
Benin,2015,96
Benin,2014,96
Benin,2013,95
Benin,2012,96
Benin,2011,88
Benin,2010,90
Benin,2009,93
Benin,2008,96
Benin,2007,97
Benin,2006,93
Benin,2005,88
Benin,2004,89
Benin,2003,90
Benin,2002,90
Benin,2001,91
Benin,2000,92
Bhutan,2023,97
Bhutan,2022,99
Bhutan,2021,99
Bhutan,2020,98
Bhutan,2019,92
Bhutan,2018,99
Bhutan,2017,99
Bhutan,2016,99
Bhutan,2015,99
Bhutan,2014,99
Bhutan,2013,97
Bhutan,2012,95
Bhutan,2011,95
Bhutan,2010,96
Bhutan,2009,94
Bhutan,2008,99
Bhutan,2007,94
Bhutan,2006,92
Bhutan,2005,92
Bhutan,2004,92
Bhutan,2003,93
Bhutan,2002,83
Bhutan,2001,81
Bhutan,2000,97
Bolivia (Plurinational State of),2023,74
Bolivia (Plurinational State of),2022,76
Bolivia (Plurinational State of),2021,78
Bolivia (Plurinational State of),2020,82
Bolivia (Plurinational State of),2019,80
Bolivia (Plurinational State of),2018,90
Bolivia (Plurinational State of),2017,93
Bolivia (Plurinational State of),2016,96
Bolivia (Plurinational State of),2015,99
Bolivia (Plurinational State of),2014,94
Bolivia (Plurinational State of),2013,94
Bolivia (Plurinational State of),2012,99
Bolivia (Plurinational State of),2011,99
Bolivia (Plurinational State of),2010,98
Bolivia (Plurinational State of),2009,93
Bolivia (Plurinational State of),2008,90
Bolivia (Plurinational State of),2007,87
Bolivia (Plurinational State of),2006,87
Bolivia (Plurinational State of),2005,88
Bolivia (Plurinational State of),2004,86
Bolivia (Plurinational State of),2003,96
Bolivia (Plurinational State of),2002,93
Bolivia (Plurinational State of),2001,90
Bolivia (Plurinational State of),2000,92
Bosnia and Herzegovina,2023,95
Bosnia and Herzegovina,2022,96
Bosnia and Herzegovina,2021,94
Bosnia and Herzegovina,2020,96
Bosnia and Herzegovina,2019,96
Bosnia and Herzegovina,2018,95
Bosnia and Herzegovina,2017,97
Bosnia and Herzegovina,2016,97
Bosnia and Herzegovina,2015,95
Bosnia and Herzegovina,2014,98
Bosnia and Herzegovina,2013,97
Bosnia and Herzegovina,2012,96
Bosnia and Herzegovina,2011,94
Bosnia and Herzegovina,2010,96
Bosnia and Herzegovina,2009,97
Bosnia and Herzegovina,2008,96
Bosnia and Herzegovina,2007,98
Bosnia and Herzegovina,2006,97
Bosnia and Herzegovina,2005,95
Bosnia and Herzegovina,2004,95
Bosnia and Herzegovina,2003,94
Bosnia and Herzegovina,2002,91
Bosnia and Herzegovina,2001,95
Bosnia and Herzegovina,2000,93
Botswana,2023,98
Botswana,2022,98
Botswana,2021,98
Botswana,2020,98
Botswana,2019,98
Botswana,2018,98
Botswana,2017,98
Botswana,2016,98
Botswana,2015,98
Botswana,2014,98
Botswana,2013,98
Botswana,2012,98
Botswana,2011,98
Botswana,2010,98
Botswana,2009,99
Botswana,2008,99
Botswana,2007,99
Botswana,2006,99
Botswana,2005,99
Botswana,2004,99
Botswana,2003,99
Botswana,2002,99
Botswana,2001,99
Botswana,2000,99
Brazil,2023,79
Brazil,2022,88
Brazil,2021,69
Brazil,2020,73
Brazil,2019,85
Brazil,2018,98
Brazil,2017,94
Brazil,2016,96
Brazil,2015,99
Brazil,2014,99
Brazil,2013,99
Brazil,2012,99
Brazil,2011,99
Brazil,2010,99
Brazil,2009,99
Brazil,2008,99
Brazil,2007,99
Brazil,2006,99
Brazil,2005,99
Brazil,2004,99
Brazil,2003,99
Brazil,2002,99
Brazil,2001,99
Brazil,2000,99
Brunei Darussalam,2023,99
Brunei Darussalam,2022,99
Brunei Darussalam,2021,99
Brunei Darussalam,2020,99
Brunei Darussalam,2019,99
Brunei Darussalam,2018,99
Brunei Darussalam,2017,99
Brunei Darussalam,2016,99
Brunei Darussalam,2015,99
Brunei Darussalam,2014,99
Brunei Darussalam,2013,99
Brunei Darussalam,2012,99
Brunei Darussalam,2011,96
Brunei Darussalam,2010,95
Brunei Darussalam,2009,99
Brunei Darussalam,2008,99
Brunei Darussalam,2007,96
Brunei Darussalam,2006,99
Brunei Darussalam,2005,94
Brunei Darussalam,2004,99
Brunei Darussalam,2003,95
Brunei Darussalam,2002,95
Brunei Darussalam,2001,99
Brunei Darussalam,2000,99
Bulgaria,2023,97
Bulgaria,2022,96
Bulgaria,2021,97
Bulgaria,2020,97
Bulgaria,2019,96
Bulgaria,2018,96
Bulgaria,2017,96
Bulgaria,2016,96
Bulgaria,2015,96
Bulgaria,2014,97
Bulgaria,2013,97
Bulgaria,2012,97
Bulgaria,2011,98
Bulgaria,2010,98
Bulgaria,2009,98
Bulgaria,2008,98
Bulgaria,2007,98
Bulgaria,2006,98
Bulgaria,2005,98
Bulgaria,2004,98
Bulgaria,2003,98
Bulgaria,2002,98
Bulgaria,2001,98
Bulgaria,2000,98
Burkina Faso,2023,98
Burkina Faso,2022,98
Burkina Faso,2021,98
Burkina Faso,2020,98
Burkina Faso,2019,98
Burkina Faso,2018,98
Burkina Faso,2017,98
Burkina Faso,2016,98
Burkina Faso,2015,98
Burkina Faso,2014,98
Burkina Faso,2013,96
Burkina Faso,2012,96
Burkina Faso,2011,99
Burkina Faso,2010,99
Burkina Faso,2009,99
Burkina Faso,2008,99
Burkina Faso,2007,99
Burkina Faso,2006,99
Burkina Faso,2005,99
Burkina Faso,2004,99
Burkina Faso,2003,83
Burkina Faso,2002,90
Burkina Faso,2001,80
Burkina Faso,2000,81
Burundi,2023,89
Burundi,2022,94
Burundi,2021,95
Burundi,2020,83
Burundi,2019,93
Burundi,2018,91
Burundi,2017,92
Burundi,2016,93
Burundi,2015,93
Burundi,2014,92
Burundi,2013,95
Burundi,2012,98
Burundi,2011,90
Burundi,2010,93
Burundi,2009,98
Burundi,2008,99
Burundi,2007,97
Burundi,2006,98
Burundi,2005,89
Burundi,2004,91
Burundi,2003,90
Burundi,2002,88
Burundi,2001,87
Burundi,2000,85
Cote d'Ivoire,2023,87
Cote d'Ivoire,2022,85
Cote d'Ivoire,2021,86
Cote d'Ivoire,2020,84
Cote d'Ivoire,2019,92
Cote d'Ivoire,2018,94
Cote d'Ivoire,2017,93
Cote d'Ivoire,2016,95
Cote d'Ivoire,2015,80
Cote d'Ivoire,2014,85
Cote d'Ivoire,2013,85
Cote d'Ivoire,2012,93
Cote d'Ivoire,2011,76
Cote d'Ivoire,2010,79
Cote d'Ivoire,2009,95
Cote d'Ivoire,2008,91
Cote d'Ivoire,2007,94
Cote d'Ivoire,2006,77
Cote d'Ivoire,2005,85
Cote d'Ivoire,2004,71
Cote d'Ivoire,2003,78
Cote d'Ivoire,2002,79
Cote d'Ivoire,2001,80
Cote d'Ivoire,2000,80
Cabo Verde,2023,98
Cabo Verde,2022,98
Cabo Verde,2021,98
Cabo Verde,2020,98
Cabo Verde,2019,98
Cabo Verde,2018,96
Cabo Verde,2017,98
Cabo Verde,2016,96
Cabo Verde,2015,94
Cabo Verde,2014,99
Cabo Verde,2013,94
Cabo Verde,2012,99
Cabo Verde,2011,99
Cabo Verde,2010,99
Cabo Verde,2009,99
Cabo Verde,2008,99
Cabo Verde,2007,99
Cabo Verde,2006,99
Cabo Verde,2005,99
Cabo Verde,2004,99
Cabo Verde,2003,98
Cabo Verde,2002,97
Cabo Verde,2001,96
Cabo Verde,2000,96
Cambodia,2023,91
Cambodia,2022,95
Cambodia,2021,92
Cambodia,2020,94
Cambodia,2019,95
Cambodia,2018,90
Cambodia,2017,99
Cambodia,2016,99
Cambodia,2015,99
Cambodia,2014,98
Cambodia,2013,96
Cambodia,2012,99
Cambodia,2011,98
Cambodia,2010,95
Cambodia,2009,96
Cambodia,2008,98
Cambodia,2007,90
Cambodia,2006,87
Cambodia,2005,87
Cambodia,2004,95
Cambodia,2003,76
Cambodia,2002,63
Cambodia,2001,64
Cambodia,2000,81
Cameroon,2023,93
Cameroon,2022,69
Cameroon,2021,80
Cameroon,2020,79
Cameroon,2019,78
Cameroon,2018,82
Cameroon,2017,85
Cameroon,2016,80
Cameroon,2015,81
Cameroon,2014,86
Cameroon,2013,84
Cameroon,2012,84
Cameroon,2011,83
Cameroon,2010,83
Cameroon,2009,81
Cameroon,2008,91
Cameroon,2007,89
Cameroon,2006,96
Cameroon,2005,90
Cameroon,2004,83
Cameroon,2003,82
Cameroon,2002,79
Cameroon,2001,79
Cameroon,2000,78
Central African Republic,2023,61
Central African Republic,2022,61
Central African Republic,2021,61
Central African Republic,2020,61
Central African Republic,2019,61
Central African Republic,2018,61
Central African Republic,2017,61
Central African Republic,2016,61
Central African Republic,2015,64
Central African Republic,2014,68
Central African Republic,2013,37
Central African Republic,2012,74
Central African Republic,2011,74
Central African Republic,2010,74
Central African Republic,2009,74
Central African Republic,2008,74
Central African Republic,2007,74
Central African Republic,2006,74
Central African Republic,2005,74
Central African Republic,2004,73
Central African Republic,2003,72
Central African Republic,2002,71
Central African Republic,2001,70
Central African Republic,2000,66
Chad,2023,92
Chad,2022,92
Chad,2021,92
Chad,2020,85
Chad,2019,75
Chad,2018,51
Chad,2017,59
Chad,2016,59
Chad,2015,70
Chad,2014,58
Chad,2013,60
Chad,2012,62
Chad,2011,53
Chad,2010,58
Chad,2009,47
Chad,2008,31
Chad,2007,45
Chad,2006,57
Chad,2005,41
Chad,2004,41
Chad,2003,40
Chad,2002,46
Chad,2001,52
Chad,2000,49
Chile,2023,98
Chile,2022,99
Chile,2021,98
Chile,2020,98
Chile,2019,98
Chile,2018,96
Chile,2017,96
Chile,2016,97
Chile,2015,93
Chile,2014,98
Chile,2013,98
Chile,2012,92
Chile,2011,91
Chile,2010,95
Chile,2009,95
Chile,2008,99
Chile,2007,98
Chile,2006,98
Chile,2005,95
Chile,2004,95
Chile,2003,95
Chile,2002,96
Chile,2001,98
Chile,2000,93
China,2023,99
China,2022,99
China,2021,99
China,2020,99
China,2019,99
China,2018,99
China,2017,99
China,2016,99
China,2015,99
China,2014,99
China,2013,99
China,2012,99
China,2011,99
China,2010,99
China,2009,99
China,2008,97
China,2007,94
China,2006,92
China,2005,86
China,2004,86
China,2003,85
China,2002,85
China,2001,85
China,2000,84
Colombia,2023,87
Colombia,2022,87
Colombia,2021,87
Colombia,2020,89
Colombia,2019,90
Colombia,2018,89
Colombia,2017,91
Colombia,2016,88
Colombia,2015,90
Colombia,2014,89
Colombia,2013,85
Colombia,2012,89
Colombia,2011,87
Colombia,2010,84
Colombia,2009,90
Colombia,2008,93
Colombia,2007,93
Colombia,2006,96
Colombia,2005,94
Colombia,2004,92
Colombia,2003,97
Colombia,2002,87
Colombia,2001,87
Colombia,2000,91
Comoros,2023,85
Comoros,2022,85
Comoros,2021,85
Comoros,2020,86
Comoros,2019,87
Comoros,2018,84
Comoros,2017,85
Comoros,2016,84
Comoros,2015,80
Comoros,2014,81
Comoros,2013,80
Comoros,2012,79
Comoros,2011,78
Comoros,2010,76
Comoros,2009,80
Comoros,2008,81
Comoros,2007,77
Comoros,2006,84
Comoros,2005,80
Comoros,2004,79
Comoros,2003,79
Comoros,2002,90
Comoros,2001,90
Comoros,2000,90
Congo,2023,67
Congo,2022,67
Congo,2021,81
Congo,2020,72
Congo,2019,80
Congo,2018,81
Congo,2017,76
Congo,2016,80
Congo,2015,85
Congo,2014,95
Congo,2013,92
Congo,2012,92
Congo,2011,95
Congo,2010,95
Congo,2009,90
Congo,2008,93
Congo,2007,86
Congo,2006,84
Congo,2005,73
Congo,2004,85
Congo,2003,60
Congo,2002,51
Congo,2001,53
Congo,2000,50
Cook Islands,2023,99
Cook Islands,2022,95
Cook Islands,2021,97
Cook Islands,2020,98
Cook Islands,2019,99
Cook Islands,2018,99
Cook Islands,2017,99
Cook Islands,2016,99
Cook Islands,2015,99
Cook Islands,2014,99
Cook Islands,2013,98
Cook Islands,2012,98
Cook Islands,2011,98
Cook Islands,2010,99
Cook Islands,2009,99
Cook Islands,2008,99
Cook Islands,2007,99
Cook Islands,2006,99
Cook Islands,2005,99
Cook Islands,2004,99
Cook Islands,2003,99
Cook Islands,2002,98
Cook Islands,2001,98
Cook Islands,2000,99
Costa Rica,2023,99
Costa Rica,2022,95
Costa Rica,2021,88
Costa Rica,2020,99
Costa Rica,2019,99
Costa Rica,2018,99
Costa Rica,2017,99
Costa Rica,2016,99
Costa Rica,2015,99
Costa Rica,2014,95
Costa Rica,2013,93
Costa Rica,2012,91
Costa Rica,2011,90
Costa Rica,2010,88
Costa Rica,2009,91
Costa Rica,2008,99
Costa Rica,2007,99
Costa Rica,2006,95
Costa Rica,2005,96
Costa Rica,2004,97
Costa Rica,2003,93
Costa Rica,2002,96
Costa Rica,2001,91
Costa Rica,2000,95
Croatia,2023,97
Croatia,2022,97
Croatia,2021,97
Croatia,2020,98
Croatia,2019,98
Croatia,2018,98
Croatia,2017,98
Croatia,2016,99
Croatia,2015,98
Croatia,2014,98
Croatia,2013,99
Croatia,2012,99
Croatia,2011,99
Croatia,2010,99
Croatia,2009,99
Croatia,2008,99
Croatia,2007,99
Croatia,2006,99
Croatia,2005,98
Croatia,2004,98
Croatia,2003,98
Croatia,2002,99
Croatia,2001,97
Croatia,2000,98
Cuba,2023,99
Cuba,2022,99
Cuba,2021,99
Cuba,2020,99
Cuba,2019,99
Cuba,2018,99
Cuba,2017,99
Cuba,2016,99
Cuba,2015,99
Cuba,2014,99
Cuba,2013,99
Cuba,2012,99
Cuba,2011,99
Cuba,2010,99
Cuba,2009,99
Cuba,2008,99
Cuba,2007,99
Cuba,2006,99
Cuba,2005,99
Cuba,2004,99
Cuba,2003,99
Cuba,2002,99
Cuba,2001,99
Cuba,2000,99
Czechia,2009,98
Czechia,2008,99
Czechia,2007,99
Czechia,2006,99
Czechia,2005,99
Czechia,2004,99
Czechia,2003,98
Czechia,2002,97
Czechia,2001,98
Czechia,2000,98
Democratic People's Republic of Korea,2023,63
Democratic People's Republic of Korea,2022,99
Democratic People's Republic of Korea,2021,95
Democratic People's Republic of Korea,2020,99
Democratic People's Republic of Korea,2019,96
Democratic People's Republic of Korea,2018,96
Democratic People's Republic of Korea,2017,98
Democratic People's Republic of Korea,2016,97
Democratic People's Republic of Korea,2015,97
Democratic People's Republic of Korea,2014,98
Democratic People's Republic of Korea,2013,98
Democratic People's Republic of Korea,2012,98
Democratic People's Republic of Korea,2011,98
Democratic People's Republic of Korea,2010,98
Democratic People's Republic of Korea,2009,98
Democratic People's Republic of Korea,2008,97
Democratic People's Republic of Korea,2007,96
Democratic People's Republic of Korea,2006,96
Democratic People's Republic of Korea,2005,94
Democratic People's Republic of Korea,2004,95
Democratic People's Republic of Korea,2003,88
Democratic People's Republic of Korea,2002,96
Democratic People's Republic of Korea,2001,82
Democratic People's Republic of Korea,2000,78
Democratic Republic of the Congo,2023,77
Democratic Republic of the Congo,2022,77
Democratic Republic of the Congo,2021,67
Democratic Republic of the Congo,2020,83
Democratic Republic of the Congo,2019,84
Democratic Republic of the Congo,2018,86
Democratic Republic of the Congo,2017,85
Democratic Republic of the Congo,2016,83
Democratic Republic of the Congo,2015,79
Democratic Republic of the Congo,2014,80
Democratic Republic of the Congo,2013,85
Democratic Republic of the Congo,2012,83
Democratic Republic of the Congo,2011,65
Democratic Republic of the Congo,2010,83
Democratic Republic of the Congo,2009,83
Democratic Republic of the Congo,2008,79
Democratic Republic of the Congo,2007,76
Democratic Republic of the Congo,2006,72
Democratic Republic of the Congo,2005,72
Democratic Republic of the Congo,2004,68
Democratic Republic of the Congo,2003,61
Democratic Republic of the Congo,2002,50
Democratic Republic of the Congo,2001,43
Democratic Republic of the Congo,2000,57
Djibouti,2023,65
Djibouti,2022,61
Djibouti,2021,61
Djibouti,2020,77
Djibouti,2019,95
Djibouti,2018,93
Djibouti,2017,92
Djibouti,2016,90
Djibouti,2015,92
Djibouti,2014,99
Djibouti,2013,86
Djibouti,2012,87
Djibouti,2011,89
Djibouti,2010,90
Djibouti,2009,90
Djibouti,2008,90
Djibouti,2007,90
Djibouti,2006,88
Djibouti,2005,80
Djibouti,2004,71
Djibouti,2003,63
Djibouti,2002,52
Djibouti,2001,38
Djibouti,2000,34
Dominica,2023,95
Dominica,2022,90
Dominica,2021,89
Dominica,2020,98
Dominica,2019,98
Dominica,2018,95
Dominica,2017,97
Dominica,2016,98
Dominica,2015,98
Dominica,2014,98
Dominica,2013,97
Dominica,2012,98
Dominica,2011,98
Dominica,2010,99
Dominica,2009,99
Dominica,2008,98
Dominica,2007,90
Dominica,2006,99
Dominica,2005,98
Dominica,2004,99
Dominica,2003,99
Dominica,2002,99
Dominica,2001,99
Dominica,2000,99
Dominican Republic,2023,99
Dominican Republic,2022,99
Dominican Republic,2021,99
Dominican Republic,2020,85
Dominican Republic,2019,99
Dominican Republic,2018,99
Dominican Republic,2017,99
Dominican Republic,2016,99
Dominican Republic,2015,99
Dominican Republic,2014,99
Dominican Republic,2013,99
Dominican Republic,2012,99
Dominican Republic,2011,99
Dominican Republic,2010,98
Dominican Republic,2009,96
Dominican Republic,2008,92
Dominican Republic,2007,92
Dominican Republic,2006,95
Dominican Republic,2005,96
Dominican Republic,2004,97
Dominican Republic,2003,95
Dominican Republic,2002,97
Dominican Republic,2001,98
Dominican Republic,2000,90
Ecuador,2023,76
Ecuador,2022,76
Ecuador,2021,75
Ecuador,2020,81
Ecuador,2019,86
Ecuador,2018,90
Ecuador,2017,88
Ecuador,2016,84
Ecuador,2015,88
Ecuador,2014,89
Ecuador,2013,90
Ecuador,2012,94
Ecuador,2011,98
Ecuador,2010,98
Ecuador,2009,99
Ecuador,2008,98
Ecuador,2007,99
Ecuador,2006,99
Ecuador,2005,99
Ecuador,2004,99
Ecuador,2003,99
Ecuador,2002,99
Ecuador,2001,99
Ecuador,2000,99
Egypt,2023,97
Egypt,2022,97
Egypt,2021,97
Egypt,2020,96
Egypt,2019,96
Egypt,2018,95
Egypt,2017,86
Egypt,2016,96
Egypt,2015,96
Egypt,2014,96
Egypt,2013,98
Egypt,2012,95
Egypt,2011,98
Egypt,2010,98
Egypt,2009,98
Egypt,2008,98
Egypt,2007,98
Egypt,2006,99
Egypt,2005,98
Egypt,2004,98
Egypt,2003,98
Egypt,2002,98
Egypt,2001,98
Egypt,2000,98
El Salvador,2023,95
El Salvador,2022,94
El Salvador,2021,96
El Salvador,2020,97
El Salvador,2019,93
El Salvador,2018,89
El Salvador,2017,89
El Salvador,2016,91
El Salvador,2015,99
El Salvador,2014,87
El Salvador,2013,90
El Salvador,2012,90
El Salvador,2011,95
El Salvador,2010,96
El Salvador,2009,99
El Salvador,2008,99
El Salvador,2007,99
El Salvador,2006,93
El Salvador,2005,84
El Salvador,2004,94
El Salvador,2003,91
El Salvador,2002,92
El Salvador,2001,92
El Salvador,2000,99
Equatorial Guinea,2023,88
Equatorial Guinea,2022,88
Equatorial Guinea,2021,88
Equatorial Guinea,2020,87
Equatorial Guinea,2019,87
Equatorial Guinea,2018,86
Equatorial Guinea,2017,86
Equatorial Guinea,2016,85
Equatorial Guinea,2015,77
Equatorial Guinea,2014,85
Equatorial Guinea,2013,82
Equatorial Guinea,2012,78
Equatorial Guinea,2011,75
Equatorial Guinea,2010,71
Equatorial Guinea,2009,71
Equatorial Guinea,2008,71
Equatorial Guinea,2007,72
Equatorial Guinea,2006,72
Equatorial Guinea,2005,72
Equatorial Guinea,2004,72
Equatorial Guinea,2003,72
Equatorial Guinea,2002,72
Equatorial Guinea,2001,73
Equatorial Guinea,2000,73
Eritrea,2023,97
Eritrea,2022,97
Eritrea,2021,97
Eritrea,2020,97
Eritrea,2019,97
Eritrea,2018,97
Eritrea,2017,97
Eritrea,2016,97
Eritrea,2015,97
Eritrea,2014,97
Eritrea,2013,97
Eritrea,2012,97
Eritrea,2011,97
Eritrea,2010,96
Eritrea,2009,96
Eritrea,2008,95
Eritrea,2007,99
Eritrea,2006,99
Eritrea,2005,99
Eritrea,2004,99
Eritrea,2003,97
Eritrea,2002,94
Eritrea,2001,91
Eritrea,2000,89
Estonia,2023,90
Estonia,2022,90
Estonia,2021,90
Estonia,2020,91
Estonia,2019,92
Estonia,2018,92
Estonia,2017,94
Estonia,2016,95
Estonia,2015,95
Estonia,2014,95
Estonia,2013,96
Estonia,2012,97
Estonia,2011,99
Estonia,2010,97
Estonia,2009,97
Estonia,2008,98
Estonia,2007,98
Estonia,2006,99
Estonia,2005,99
Estonia,2004,99
Estonia,2003,99
Estonia,2002,99
Estonia,2001,99
Estonia,2000,99
Eswatini,2023,93
Eswatini,2022,94
Eswatini,2021,96
Eswatini,2020,97
Eswatini,2019,98
Eswatini,2018,98
Eswatini,2017,98
Eswatini,2016,97
Eswatini,2015,98
Eswatini,2014,99
Eswatini,2013,99
Eswatini,2012,99
Eswatini,2011,98
Eswatini,2010,98
Eswatini,2009,97
Eswatini,2008,96
Eswatini,2007,95
Eswatini,2006,94
Eswatini,2005,93
Eswatini,2004,92
Eswatini,2003,91
Eswatini,2002,90
Eswatini,2001,89
Eswatini,2000,88
Ethiopia,2023,74
Ethiopia,2022,68
Ethiopia,2021,68
Ethiopia,2020,70
Ethiopia,2019,69
Ethiopia,2018,71
Ethiopia,2017,73
Ethiopia,2016,72
Ethiopia,2015,70
Ethiopia,2014,69
Ethiopia,2013,68
Ethiopia,2012,74
Ethiopia,2011,80
Ethiopia,2010,76
Ethiopia,2009,74
Ethiopia,2008,71
Ethiopia,2007,69
Ethiopia,2006,66
Ethiopia,2005,64
Ethiopia,2004,60
Ethiopia,2003,59
Ethiopia,2002,58
Ethiopia,2001,57
Ethiopia,2000,56
Fiji,2023,99
Fiji,2022,99
Fiji,2021,99
Fiji,2020,99
Fiji,2019,97
Fiji,2018,96
Fiji,2017,94
Fiji,2016,93
Fiji,2015,91
Fiji,2014,90
Fiji,2013,99
Fiji,2012,99
Fiji,2011,99
Fiji,2010,99
Fiji,2009,99
Fiji,2008,99
Fiji,2007,99
Fiji,2006,99
Fiji,2005,98
Fiji,2004,98
Fiji,2003,97
Fiji,2002,97
Fiji,2001,97
Fiji,2000,96
Finland,2006,98
Finland,2005,98
Finland,2004,98
Finland,2003,98
Finland,2002,99
Finland,2001,99
Finland,2000,99
France,2007,78
France,2006,83
France,2005,81
France,2004,85
France,2003,84
France,2002,85
France,2001,84
France,2000,83
Gabon,2023,84
Gabon,2022,79
Gabon,2021,83
Gabon,2020,82
Gabon,2019,89
Gabon,2018,85
Gabon,2017,90
Gabon,2016,92
Gabon,2015,97
Gabon,2014,90
Gabon,2013,91
Gabon,2012,96
Gabon,2011,94
Gabon,2010,94
Gabon,2009,93
Gabon,2008,93
Gabon,2007,92
Gabon,2006,92
Gabon,2005,92
Gabon,2004,91
Gabon,2003,91
Gabon,2002,90
Gabon,2001,90
Gabon,2000,89
Gambia,2023,76
Gambia,2022,83
Gambia,2021,81
Gambia,2020,85
Gambia,2019,88
Gambia,2018,94
Gambia,2017,94
Gambia,2016,98
Gambia,2015,98
Gambia,2014,96
Gambia,2013,98
Gambia,2012,98
Gambia,2011,90
Gambia,2010,92
Gambia,2009,94
Gambia,2008,95
Gambia,2007,97
Gambia,2006,97
Gambia,2005,99
Gambia,2004,99
Gambia,2003,99
Gambia,2002,99
Gambia,2001,99
Gambia,2000,99
Georgia,2023,94
Georgia,2022,95
Georgia,2021,96
Georgia,2020,96
Georgia,2019,96
Georgia,2018,97
Georgia,2017,96
Georgia,2016,98
Georgia,2015,96
Georgia,2014,96
Georgia,2013,95
Georgia,2012,95
Georgia,2011,96
Georgia,2010,96
Georgia,2009,95
Georgia,2008,95
Georgia,2007,96
Georgia,2006,95
Georgia,2005,95
Georgia,2004,91
Georgia,2003,87
Georgia,2002,91
Georgia,2001,94
Georgia,2000,95
Ghana,2023,97
Ghana,2022,96
Ghana,2021,99
Ghana,2020,93
Ghana,2019,96
Ghana,2018,98
Ghana,2017,99
Ghana,2016,94
Ghana,2015,97
Ghana,2014,99
Ghana,2013,98
Ghana,2012,98
Ghana,2011,98
Ghana,2010,99
Ghana,2009,99
Ghana,2008,99
Ghana,2007,99
Ghana,2006,99
Ghana,2005,99
Ghana,2004,92
Ghana,2003,92
Ghana,2002,92
Ghana,2001,94
Ghana,2000,99
Guatemala,2023,88
Guatemala,2022,87
Guatemala,2021,85
Guatemala,2020,93
Guatemala,2019,90
Guatemala,2018,88
Guatemala,2017,93
Guatemala,2016,91
Guatemala,2015,92
Guatemala,2014,93
Guatemala,2013,99
Guatemala,2012,94
Guatemala,2011,91
Guatemala,2010,99
Guatemala,2009,93
Guatemala,2008,99
Guatemala,2007,88
Guatemala,2006,96
Guatemala,2005,96
Guatemala,2004,98
Guatemala,2003,97
Guatemala,2002,96
Guatemala,2001,93
Guatemala,2000,95
Guinea,2023,73
Guinea,2022,73
Guinea,2021,73
Guinea,2020,73
Guinea,2019,73
Guinea,2018,73
Guinea,2017,73
Guinea,2016,73
Guinea,2015,72
Guinea,2014,66
Guinea,2013,71
Guinea,2012,77
Guinea,2011,82
Guinea,2010,93
Guinea,2009,91
Guinea,2008,87
Guinea,2007,84
Guinea,2006,81
Guinea,2005,80
Guinea,2004,79
Guinea,2003,80
Guinea,2002,80
Guinea,2001,81
Guinea,2000,81
Guinea-Bissau,2023,81
Guinea-Bissau,2022,80
Guinea-Bissau,2021,34
Guinea-Bissau,2020,67
Guinea-Bissau,2019,84
Guinea-Bissau,2018,89
Guinea-Bissau,2017,87
Guinea-Bissau,2016,91
Guinea-Bissau,2015,92
Guinea-Bissau,2014,93
Guinea-Bissau,2013,93
Guinea-Bissau,2012,94
Guinea-Bissau,2011,92
Guinea-Bissau,2010,93
Guinea-Bissau,2009,94
Guinea-Bissau,2008,93
Guinea-Bissau,2007,92
Guinea-Bissau,2006,90
Guinea-Bissau,2005,89
Guinea-Bissau,2004,87
Guinea-Bissau,2003,84
Guinea-Bissau,2002,82
Guinea-Bissau,2001,79
Guinea-Bissau,2000,77
Guyana,2023,99
Guyana,2022,99
Guyana,2021,90
Guyana,2020,94
Guyana,2019,99
Guyana,2018,99
Guyana,2017,97
Guyana,2016,95
Guyana,2015,99
Guyana,2014,99
Guyana,2013,98
Guyana,2012,98
Guyana,2011,97
Guyana,2010,98
Guyana,2009,98
Guyana,2008,96
Guyana,2007,97
Guyana,2006,96
Guyana,2005,96
Guyana,2004,94
Guyana,2003,95
Guyana,2002,91
Guyana,2001,95
Guyana,2000,93
Haiti,2023,73
Haiti,2022,73
Haiti,2021,73
Haiti,2020,73
Haiti,2019,73
Haiti,2018,83
Haiti,2017,83
Haiti,2016,83
Haiti,2015,83
Haiti,2014,81
Haiti,2013,82
Haiti,2012,82
Haiti,2011,83
Haiti,2010,82
Haiti,2009,80
Haiti,2008,78
Haiti,2007,78
Haiti,2006,75
Haiti,2005,75
Haiti,2004,74
Haiti,2003,74
Haiti,2002,73
Haiti,2001,72
Haiti,2000,72
Honduras,2023,72
Honduras,2022,77
Honduras,2021,82
Honduras,2020,83
Honduras,2019,87
Honduras,2018,93
Honduras,2017,92
Honduras,2016,93
Honduras,2015,94
Honduras,2014,96
Honduras,2013,97
Honduras,2012,98
Honduras,2011,99
Honduras,2010,99
Honduras,2009,99
Honduras,2008,99
Honduras,2007,99
Honduras,2006,97
Honduras,2005,98
Honduras,2004,98
Honduras,2003,91
Honduras,2002,94
Honduras,2001,99
Honduras,2000,99
Hungary,2023,99
Hungary,2022,99
Hungary,2021,99
Hungary,2020,99
Hungary,2019,99
Hungary,2018,99
Hungary,2017,99
Hungary,2016,99
Hungary,2015,99
Hungary,2014,99
Hungary,2013,99
Hungary,2012,99
Hungary,2011,99
Hungary,2010,99
Hungary,2009,99
Hungary,2008,99
Hungary,2007,99
Hungary,2006,99
Hungary,2005,99
Hungary,2004,99
Hungary,2003,99
Hungary,2002,99
Hungary,2001,99
Hungary,2000,99
India,2023,89
India,2022,91
India,2021,84
India,2020,85
India,2019,92
India,2018,92
India,2017,92
India,2016,89
India,2015,87
India,2014,89
India,2013,91
India,2012,90
India,2011,90
India,2010,89
India,2009,88
India,2008,86
India,2007,87
India,2006,86
India,2005,86
India,2004,80
India,2003,77
India,2002,75
India,2001,75
India,2000,74
Indonesia,2023,88
Indonesia,2022,93
Indonesia,2021,81
Indonesia,2020,87
Indonesia,2019,90
Indonesia,2018,92
Indonesia,2017,93
Indonesia,2016,90
Indonesia,2015,90
Indonesia,2014,90
Indonesia,2013,90
Indonesia,2012,88
Indonesia,2011,98
Indonesia,2010,88
Indonesia,2009,78
Indonesia,2008,80
Indonesia,2007,83
Indonesia,2006,88
Indonesia,2005,86
Indonesia,2004,85
Indonesia,2003,83
Indonesia,2002,82
Indonesia,2001,80
Indonesia,2000,81
Iran (Islamic Republic of),2023,99
Iran (Islamic Republic of),2022,99
Iran (Islamic Republic of),2021,99
Iran (Islamic Republic of),2020,98
Iran (Islamic Republic of),2019,99
Iran (Islamic Republic of),2018,99
Iran (Islamic Republic of),2017,99
Iran (Islamic Republic of),2016,99
Iran (Islamic Republic of),2015,99
Iran (Islamic Republic of),2014,99
Iran (Islamic Republic of),2013,99
Iran (Islamic Republic of),2012,99
Iran (Islamic Republic of),2011,99
Iran (Islamic Republic of),2010,99
Iran (Islamic Republic of),2009,99
Iran (Islamic Republic of),2008,99
Iran (Islamic Republic of),2007,99
Iran (Islamic Republic of),2006,99
Iran (Islamic Republic of),2005,99
Iran (Islamic Republic of),2004,99
Iran (Islamic Republic of),2003,99
Iran (Islamic Republic of),2002,97
Iran (Islamic Republic of),2001,91
Iran (Islamic Republic of),2000,99
Iraq,2023,93
Iraq,2022,96
Iraq,2021,94
Iraq,2020,99
Iraq,2019,98
Iraq,2018,95
Iraq,2017,92
Iraq,2016,87
Iraq,2015,94
Iraq,2014,99
Iraq,2013,99
Iraq,2012,99
Iraq,2011,94
Iraq,2010,90
Iraq,2009,92
Iraq,2008,87
Iraq,2007,92
Iraq,2006,89
Iraq,2005,92
Iraq,2004,94
Iraq,2003,94
Iraq,2002,94
Iraq,2001,93
Iraq,2000,93
Ireland,2016,18
Ireland,2015,77
Ireland,2014,74
Ireland,2013,76
Ireland,2012,42
Ireland,2011,41
Ireland,2010,30
Ireland,2009,30
Ireland,2008,34
Ireland,2007,33
Ireland,2006,31
Ireland,2005,31
Ireland,2004,30
Ireland,2003,90
Ireland,2002,90
Ireland,2001,89
Ireland,2000,89
Jamaica,2023,99
Jamaica,2022,98
Jamaica,2021,97
Jamaica,2020,99
Jamaica,2019,97
Jamaica,2018,93
Jamaica,2017,93
Jamaica,2016,96
Jamaica,2015,99
Jamaica,2014,90
Jamaica,2013,93
Jamaica,2012,95
Jamaica,2011,95
Jamaica,2010,95
Jamaica,2009,94
Jamaica,2008,92
Jamaica,2007,87
Jamaica,2006,90
Jamaica,2005,95
Jamaica,2004,90
Jamaica,2003,88
Jamaica,2002,90
Jamaica,2001,96
Jamaica,2000,94
Japan,2023,97
Japan,2022,98
Japan,2021,98
Japan,2020,95
Japan,2019,97
Japan,2018,99
Japan,2017,93
Japan,2016,98
Japan,2015,84
Japan,2014,93
Japan,2013,93
Japan,2012,95
Japan,2011,94
Japan,2010,99
Japan,2009,94
Japan,2008,90
Japan,2007,94
Jordan,2023,90
Jordan,2022,86
Jordan,2021,81
Jordan,2020,76
Jordan,2019,86
Jordan,2018,94
Jordan,2017,99
Jordan,2016,99
Jordan,2015,98
Jordan,2014,95
Jordan,2013,98
Jordan,2012,96
Jordan,2011,95
Jordan,2010,95
Jordan,2009,95
Jordan,2008,95
Jordan,2007,90
Jordan,2006,95
Jordan,2005,89
Jordan,2004,58
Jordan,2003,67
Jordan,2002,29
Kazakhstan,2023,93
Kazakhstan,2022,93
Kazakhstan,2021,94
Kazakhstan,2020,93
Kazakhstan,2019,87
Kazakhstan,2018,95
Kazakhstan,2017,95
Kazakhstan,2016,95
Kazakhstan,2015,95
Kazakhstan,2014,95
Kazakhstan,2013,95
Kazakhstan,2012,95
Kazakhstan,2011,96
Kazakhstan,2010,96
Kazakhstan,2009,96
Kazakhstan,2008,97
Kazakhstan,2007,99
Kazakhstan,2006,99
Kazakhstan,2005,69
Kazakhstan,2004,65
Kazakhstan,2003,99
Kazakhstan,2002,99
Kazakhstan,2001,95
Kazakhstan,2000,98
Kenya,2023,90
Kenya,2022,94
Kenya,2021,94
Kenya,2020,97
Kenya,2019,96
Kenya,2018,93
Kenya,2017,87
Kenya,2016,97
Kenya,2015,87
Kenya,2014,94
Kenya,2013,92
Kenya,2012,97
Kenya,2011,99
Kenya,2010,99
Kenya,2009,99
Kenya,2008,98
Kenya,2007,92
Kenya,2006,92
Kenya,2005,85
Kenya,2004,87
Kenya,2003,87
Kenya,2002,91
Kenya,2001,94
Kenya,2000,91
Kiribati,2023,96
Kiribati,2022,96
Kiribati,2021,96
Kiribati,2020,93
Kiribati,2019,92
Kiribati,2018,90
Kiribati,2017,89
Kiribati,2016,79
Kiribati,2015,79
Kiribati,2014,72
Kiribati,2013,86
Kiribati,2012,95
Kiribati,2011,86
Kiribati,2010,87
Kiribati,2009,76
Kiribati,2008,83
Kiribati,2007,90
Kiribati,2006,91
Kiribati,2005,93
Kiribati,2004,94
Kiribati,2003,91
Kiribati,2002,88
Kiribati,2001,85
Kiribati,2000,80
Kuwait,2023,99
Kuwait,2022,99
Kuwait,2021,99
Kuwait,2020,98
Kuwait,2019,97
Kuwait,2018,96
Kuwait,2017,99
Kuwait,2016,96
Kuwait,2015,99
Kuwait,2014,99
Kuwait,2013,99
Kuwait,2012,97
Kuwait,2011,99
Kuwait,2010,98
Kuwait,2009,99
Kuwait,2008,99
Kuwait,2007,94
Kuwait,2006,84
Kyrgyzstan,2023,95
Kyrgyzstan,2022,97
Kyrgyzstan,2021,97
Kyrgyzstan,2020,96
Kyrgyzstan,2019,96
Kyrgyzstan,2018,97
Kyrgyzstan,2017,97
Kyrgyzstan,2016,97
Kyrgyzstan,2015,97
Kyrgyzstan,2014,97
Kyrgyzstan,2013,98
Kyrgyzstan,2012,98
Kyrgyzstan,2011,98
Kyrgyzstan,2010,98
Kyrgyzstan,2009,98
Kyrgyzstan,2008,99
Kyrgyzstan,2007,98
Kyrgyzstan,2006,99
Kyrgyzstan,2005,96
Kyrgyzstan,2004,98
Kyrgyzstan,2003,99
Kyrgyzstan,2002,99
Kyrgyzstan,2001,99
Kyrgyzstan,2000,96
Lao People's Democratic Republic,2023,93
Lao People's Democratic Republic,2022,90
Lao People's Democratic Republic,2021,80
Lao People's Democratic Republic,2020,90
Lao People's Democratic Republic,2019,85
Lao People's Democratic Republic,2018,92
Lao People's Democratic Republic,2017,91
Lao People's Democratic Republic,2016,89
Lao People's Democratic Republic,2015,89
Lao People's Democratic Republic,2014,89
Lao People's Democratic Republic,2013,87
Lao People's Democratic Republic,2012,85
Lao People's Democratic Republic,2011,78
Lao People's Democratic Republic,2010,72
Lao People's Democratic Republic,2009,67
Lao People's Democratic Republic,2008,68
Lao People's Democratic Republic,2007,56
Lao People's Democratic Republic,2006,61
Lao People's Democratic Republic,2005,65
Lao People's Democratic Republic,2004,60
Lao People's Democratic Republic,2003,65
Lao People's Democratic Republic,2002,65
Lao People's Democratic Republic,2001,60
Lao People's Democratic Republic,2000,69
Latvia,2023,98
Latvia,2022,99
Latvia,2021,96
Latvia,2020,99
Latvia,2019,96
Latvia,2018,95
Latvia,2017,96
Latvia,2016,96
Latvia,2015,93
Latvia,2014,92
Latvia,2013,94
Latvia,2012,94
Latvia,2011,93
Latvia,2010,92
Latvia,2009,96
Latvia,2008,95
Latvia,2007,95
Latvia,2006,95
Latvia,2005,97
Latvia,2004,98
Latvia,2003,97
Latvia,2002,99
Latvia,2001,99
Latvia,2000,99
Lesotho,2023,68
Lesotho,2022,85
Lesotho,2021,96
Lesotho,2020,96
Lesotho,2019,96
Lesotho,2018,96
Lesotho,2017,96
Lesotho,2016,96
Lesotho,2015,95
Lesotho,2014,97
Lesotho,2013,98
Lesotho,2012,93
Lesotho,2011,87
Lesotho,2010,90
Lesotho,2009,92
Lesotho,2008,95
Lesotho,2007,95
Lesotho,2006,95
Lesotho,2005,96
Lesotho,2004,96
Lesotho,2003,96
Lesotho,2002,90
Lesotho,2001,83
Lesotho,2000,88
Liberia,2023,82
Liberia,2022,67
Liberia,2021,81
Liberia,2020,85
Liberia,2019,84
Liberia,2018,92
Liberia,2017,87
Liberia,2016,81
Liberia,2015,74
Liberia,2014,73
Liberia,2013,87
Liberia,2012,85
Liberia,2011,85
Liberia,2010,73
Liberia,2009,87
Liberia,2008,85
Liberia,2007,77
Liberia,2006,77
Liberia,2005,76
Liberia,2004,60
Liberia,2003,64
Liberia,2002,69
Liberia,2001,73
Liberia,2000,78
Libya,2023,74
Libya,2022,74
Libya,2021,74
Libya,2020,74
Libya,2019,74
Libya,2018,74
Libya,2017,99
Libya,2016,99
Libya,2015,99
Libya,2014,99
Libya,2013,99
Libya,2012,99
Libya,2011,99
Libya,2010,99
Libya,2009,99
Libya,2008,99
Libya,2007,99
Libya,2006,99
Libya,2005,99
Libya,2004,99
Libya,2003,99
Libya,2002,99
Libya,2001,99
Libya,2000,98
Lithuania,2023,93
Lithuania,2022,93
Lithuania,2021,93
Lithuania,2020,96
Lithuania,2019,97
Lithuania,2018,96
Lithuania,2017,97
Lithuania,2016,98
Lithuania,2015,97
Lithuania,2014,98
Lithuania,2013,98
Lithuania,2012,98
Lithuania,2011,98
Lithuania,2010,99
Lithuania,2009,99
Lithuania,2008,99
Lithuania,2007,99
Lithuania,2006,99
Lithuania,2005,99
Lithuania,2004,99
Lithuania,2003,99
Lithuania,2002,99
Lithuania,2001,99
Lithuania,2000,99
Madagascar,2023,73
Madagascar,2022,63
Madagascar,2021,52
Madagascar,2020,75
Madagascar,2019,79
Madagascar,2018,77
Madagascar,2017,74
Madagascar,2016,74
Madagascar,2015,56
Madagascar,2014,64
Madagascar,2013,70
Madagascar,2012,74
Madagascar,2011,82
Madagascar,2010,76
Madagascar,2009,78
Madagascar,2008,83
Madagascar,2007,94
Madagascar,2006,95
Madagascar,2005,92
Madagascar,2004,85
Madagascar,2003,77
Madagascar,2002,73
Madagascar,2001,73
Madagascar,2000,72
Malawi,2023,88
Malawi,2022,84
Malawi,2021,89
Malawi,2020,87
Malawi,2019,91
Malawi,2018,92
Malawi,2017,89
Malawi,2016,86
Malawi,2015,90
Malawi,2014,97
Malawi,2013,96
Malawi,2012,99
Malawi,2011,99
Malawi,2010,97
Malawi,2009,95
Malawi,2008,97
Malawi,2007,95
Malawi,2006,99
Malawi,2005,99
Malawi,2004,97
Malawi,2003,91
Malawi,2002,78
Malawi,2001,93
Malawi,2000,83
Malaysia,2023,99
Malaysia,2022,98
Malaysia,2021,99
Malaysia,2020,99
Malaysia,2019,99
Malaysia,2018,98
Malaysia,2017,99
Malaysia,2016,98
Malaysia,2015,99
Malaysia,2014,99
Malaysia,2013,99
Malaysia,2012,99
Malaysia,2011,99
Malaysia,2010,99
Malaysia,2009,99
Malaysia,2008,99
Malaysia,2007,99
Malaysia,2006,98
Malaysia,2005,98
Malaysia,2004,99
Malaysia,2003,99
Malaysia,2002,98
Malaysia,2001,98
Malaysia,2000,99
Maldives,2023,99
Maldives,2022,99
Maldives,2021,99
Maldives,2020,99
Maldives,2019,99
Maldives,2018,99
Maldives,2017,99
Maldives,2016,99
Maldives,2015,99
Maldives,2014,99
Maldives,2013,99
Maldives,2012,99
Maldives,2011,98
Maldives,2010,97
Maldives,2009,99
Maldives,2008,98
Maldives,2007,98
Maldives,2006,99
Maldives,2005,97
Maldives,2004,98
Maldives,2003,98
Maldives,2002,99
Maldives,2001,98
Maldives,2000,99
Mali,2023,71
Mali,2022,80
Mali,2021,81
Mali,2020,78
Mali,2019,82
Mali,2018,82
Mali,2017,83
Mali,2016,82
Mali,2015,78
Mali,2014,73
Mali,2013,70
Mali,2012,77
Mali,2011,84
Mali,2010,82
Mali,2009,84
Mali,2008,86
Mali,2007,86
Mali,2006,86
Mali,2005,83
Mali,2004,76
Mali,2003,74
Mali,2002,82
Mali,2001,75
Mali,2000,69
Marshall Islands,2023,99
Marshall Islands,2022,95
Marshall Islands,2021,83
Marshall Islands,2020,91
Marshall Islands,2019,89
Marshall Islands,2018,98
Marshall Islands,2017,92
Marshall Islands,2016,94
Marshall Islands,2015,99
Marshall Islands,2014,89
Marshall Islands,2013,93
Marshall Islands,2012,97
Marshall Islands,2011,80
Marshall Islands,2010,99
Marshall Islands,2009,98
Marshall Islands,2008,95
Marshall Islands,2007,92
Marshall Islands,2006,92
Marshall Islands,2005,93
Marshall Islands,2004,91
Marshall Islands,2003,93
Marshall Islands,2002,90
Marshall Islands,2001,99
Marshall Islands,2000,89
Mauritania,2023,98
Mauritania,2022,98
Mauritania,2021,89
Mauritania,2020,92
Mauritania,2019,90
Mauritania,2018,89
Mauritania,2017,88
Mauritania,2016,86
Mauritania,2015,85
Mauritania,2014,93
Mauritania,2013,95
Mauritania,2012,95
Mauritania,2011,86
Mauritania,2010,85
Mauritania,2009,81
Mauritania,2008,89
Mauritania,2007,92
Mauritania,2006,86
Mauritania,2005,91
Mauritania,2004,94
Mauritania,2003,96
Mauritania,2002,99
Mauritania,2001,95
Mauritania,2000,78
Mauritius,2023,98
Mauritius,2022,97
Mauritius,2021,95
Mauritius,2020,96
Mauritius,2019,99
Mauritius,2018,99
Mauritius,2017,99
Mauritius,2016,98
Mauritius,2015,98
Mauritius,2014,97
Mauritius,2013,99
Mauritius,2012,99
Mauritius,2011,99
Mauritius,2010,99
Mauritius,2009,95
Mauritius,2008,96
Mauritius,2007,98
Mauritius,2006,97
Mauritius,2005,99
Mauritius,2004,99
Mauritius,2003,99
Mauritius,2002,87
Mauritius,2001,89
Mauritius,2000,88
Mexico,2023,89
Mexico,2022,95
Mexico,2021,99
Mexico,2020,28
Mexico,2019,76
Mexico,2018,96
Mexico,2017,94
Mexico,2016,99
Mexico,2015,98
Mexico,2014,96
Mexico,2013,91
Mexico,2012,99
Mexico,2011,99
Mexico,2010,98
Mexico,2009,99
Mexico,2008,99
Mexico,2007,99
Mexico,2006,99
Mexico,2005,99
Mexico,2004,99
Mexico,2003,99
Mexico,2002,99
Mexico,2001,99
Mexico,2000,99
Micronesia (Federated States of),2023,77
Micronesia (Federated States of),2022,75
Micronesia (Federated States of),2021,59
Micronesia (Federated States of),2020,84
Micronesia (Federated States of),2019,77
Micronesia (Federated States of),2018,80
Micronesia (Federated States of),2017,83
Micronesia (Federated States of),2016,85
Micronesia (Federated States of),2015,76
Micronesia (Federated States of),2014,73
Micronesia (Federated States of),2013,70
Micronesia (Federated States of),2012,78
Micronesia (Federated States of),2011,75
Micronesia (Federated States of),2010,70
Micronesia (Federated States of),2009,75
Micronesia (Federated States of),2008,79
Micronesia (Federated States of),2007,82
Micronesia (Federated States of),2006,55
Micronesia (Federated States of),2005,70
Micronesia (Federated States of),2004,62
Micronesia (Federated States of),2003,64
Micronesia (Federated States of),2002,52
Micronesia (Federated States of),2001,39
Micronesia (Federated States of),2000,24
Monaco,2012,89
Monaco,2011,89
Monaco,2010,89
Monaco,2009,89
Monaco,2008,89
Monaco,2007,89
Monaco,2006,89
Monaco,2005,89
Monaco,2004,89
Monaco,2003,89
Monaco,2002,92
Monaco,2001,94
Monaco,2000,97
Mongolia,2023,99
Mongolia,2022,99
Mongolia,2021,99
Mongolia,2020,99
Mongolia,2019,99
Mongolia,2018,99
Mongolia,2017,99
Mongolia,2016,99
Mongolia,2015,99
Mongolia,2014,99
Mongolia,2013,99
Mongolia,2012,99
Mongolia,2011,99
Mongolia,2010,99
Mongolia,2009,98
Mongolia,2008,98
Mongolia,2007,99
Mongolia,2006,98
Mongolia,2005,99
Mongolia,2004,98
Mongolia,2003,98
Mongolia,2002,98
Mongolia,2001,98
Mongolia,2000,97
Montenegro,2023,80
Montenegro,2022,86
Montenegro,2021,76
Montenegro,2020,67
Montenegro,2019,80
Montenegro,2018,93
Montenegro,2017,83
Montenegro,2016,85
Montenegro,2015,88
Montenegro,2014,91
Montenegro,2013,93
Montenegro,2012,95
Montenegro,2011,97
Montenegro,2010,95
Montenegro,2009,95
Montenegro,2008,98
Montenegro,2007,98
Montenegro,2006,98
Morocco,2023,99
Morocco,2022,99
Morocco,2021,99
Morocco,2020,99
Morocco,2019,99
Morocco,2018,99
Morocco,2017,99
Morocco,2016,99
Morocco,2015,99
Morocco,2014,99
Morocco,2013,99
Morocco,2012,99
Morocco,2011,99
Morocco,2010,99
Morocco,2009,99
Morocco,2008,99
Morocco,2007,96
Morocco,2006,95
Morocco,2005,95
Morocco,2004,95
Morocco,2003,92
Morocco,2002,92
Morocco,2001,93
Morocco,2000,97
Mozambique,2023,93
Mozambique,2022,90
Mozambique,2021,84
Mozambique,2020,89
Mozambique,2019,93
Mozambique,2018,93
Mozambique,2017,93
Mozambique,2016,93
Mozambique,2015,93
Mozambique,2014,93
Mozambique,2013,92
Mozambique,2012,92
Mozambique,2011,91
Mozambique,2010,90
Mozambique,2009,90
Mozambique,2008,90
Mozambique,2007,90
Mozambique,2006,90
Mozambique,2005,90
Mozambique,2004,90
Mozambique,2003,90
Mozambique,2002,87
Mozambique,2001,86
Mozambique,2000,84
Myanmar,2023,80
Myanmar,2022,79
Myanmar,2021,48
Myanmar,2020,87
Myanmar,2019,91
Myanmar,2018,90
Myanmar,2017,91
Myanmar,2016,88
Myanmar,2015,94
Myanmar,2014,92
Myanmar,2013,86
Myanmar,2012,87
Myanmar,2011,93
Myanmar,2010,93
Myanmar,2009,93
Myanmar,2008,88
Myanmar,2007,89
Myanmar,2006,85
Myanmar,2005,76
Myanmar,2004,85
Myanmar,2003,80
Myanmar,2002,82
Myanmar,2001,75
Myanmar,2000,88
Namibia,2023,91
Namibia,2022,92
Namibia,2021,93
Namibia,2020,99
Namibia,2019,98
Namibia,2018,96
Namibia,2017,94
Namibia,2016,89
Namibia,2015,94
Namibia,2014,97
Namibia,2013,94
Namibia,2012,90
Namibia,2011,89
Namibia,2010,88
Namibia,2009,85
Namibia,2008,88
Namibia,2007,95
Namibia,2006,88
Namibia,2005,95
Namibia,2004,94
Namibia,2003,92
Namibia,2002,81
Namibia,2001,69
Namibia,2000,77
Nauru,2023,99
Nauru,2022,99
Nauru,2021,99
Nauru,2020,99
Nauru,2019,99
Nauru,2018,99
Nauru,2017,99
Nauru,2016,99
Nauru,2015,99
Nauru,2014,99
Nauru,2013,99
Nauru,2012,99
Nauru,2011,99
Nauru,2010,99
Nauru,2009,99
Nauru,2008,99
Nauru,2007,99
Nauru,2006,99
Nauru,2005,90
Nauru,2004,93
Nauru,2003,97
Nauru,2002,99
Nauru,2001,99
Nauru,2000,93
Nepal,2023,97
Nepal,2022,96
Nepal,2021,95
Nepal,2020,92
Nepal,2019,96
Nepal,2018,96
Nepal,2017,95
Nepal,2016,93
Nepal,2015,94
Nepal,2014,99
Nepal,2013,97
Nepal,2012,96
Nepal,2011,97
Nepal,2010,94
Nepal,2009,94
Nepal,2008,87
Nepal,2007,89
Nepal,2006,93
Nepal,2005,87
Nepal,2004,85
Nepal,2003,91
Nepal,2002,85
Nepal,2001,84
Nepal,2000,84
Nicaragua,2023,79
Nicaragua,2022,89
Nicaragua,2021,86
Nicaragua,2020,93
Nicaragua,2019,99
Nicaragua,2018,99
Nicaragua,2017,99
Nicaragua,2016,99
Nicaragua,2015,99
Nicaragua,2014,99
Nicaragua,2013,99
Nicaragua,2012,99
Nicaragua,2011,99
Nicaragua,2010,99
Nicaragua,2009,99
Nicaragua,2008,99
Nicaragua,2007,98
Nicaragua,2006,98
Nicaragua,2005,88
Nicaragua,2004,88
Nicaragua,2003,94
Nicaragua,2002,93
Nicaragua,2001,97
Nicaragua,2000,96
Niger,2023,93
Niger,2022,95
Niger,2021,95
Niger,2020,94
Niger,2019,70
Niger,2018,87
Niger,2017,92
Niger,2016,91
Niger,2015,94
Niger,2014,87
Niger,2013,43
Niger,2012,85
Niger,2011,53
Niger,2010,81
Niger,2009,86
Niger,2008,78
Niger,2007,73
Niger,2006,69
Niger,2005,64
Niger,2004,61
Niger,2003,58
Niger,2002,56
Niger,2001,53
Niger,2000,50
Nigeria,2023,74
Nigeria,2022,74
Nigeria,2021,74
Nigeria,2020,74
Nigeria,2019,75
Nigeria,2018,71
Nigeria,2017,67
Nigeria,2016,64
Nigeria,2015,53
Nigeria,2014,51
Nigeria,2013,51
Nigeria,2012,51
Nigeria,2011,57
Nigeria,2010,62
Nigeria,2009,76
Nigeria,2008,65
Nigeria,2007,53
Nigeria,2006,52
Nigeria,2005,49
Nigeria,2004,45
Nigeria,2003,42
Nigeria,2002,38
Nigeria,2001,41
Nigeria,2000,44
Niue,2023,99
Niue,2022,99
Niue,2021,88
Niue,2020,94
Niue,2019,99
Niue,2018,99
Niue,2017,99
Niue,2016,92
Niue,2015,99
Niue,2014,99
Niue,2013,99
Niue,2012,99
Niue,2011,99
Niue,2010,99
Niue,2009,99
Niue,2008,99
Niue,2007,99
Niue,2006,99
Niue,2005,97
Niue,2004,96
Niue,2003,99
Niue,2002,99
Niue,2001,99
Niue,2000,99
North Macedonia,2023,93
North Macedonia,2022,93
North Macedonia,2021,93
North Macedonia,2020,93
North Macedonia,2019,93
North Macedonia,2018,93
North Macedonia,2017,97
North Macedonia,2016,99
North Macedonia,2015,94
North Macedonia,2014,99
North Macedonia,2013,97
North Macedonia,2012,95
North Macedonia,2011,94
North Macedonia,2010,96
North Macedonia,2009,98
North Macedonia,2008,94
North Macedonia,2007,95
North Macedonia,2006,92
North Macedonia,2005,99
North Macedonia,2004,94
North Macedonia,2003,95
North Macedonia,2002,91
North Macedonia,2001,97
North Macedonia,2000,97
"occupied Palestinian territory, including east Jerusalem",2023,87
"occupied Palestinian territory, including east Jerusalem",2022,99
"occupied Palestinian territory, including east Jerusalem",2021,99
"occupied Palestinian territory, including east Jerusalem",2020,99
"occupied Palestinian territory, including east Jerusalem",2019,99
"occupied Palestinian territory, including east Jerusalem",2018,99
"occupied Palestinian territory, including east Jerusalem",2017,99
"occupied Palestinian territory, including east Jerusalem",2016,99
"occupied Palestinian territory, including east Jerusalem",2015,99
"occupied Palestinian territory, including east Jerusalem",2014,99
"occupied Palestinian territory, including east Jerusalem",2013,99
"occupied Palestinian territory, including east Jerusalem",2012,98
"occupied Palestinian territory, including east Jerusalem",2011,98
"occupied Palestinian territory, including east Jerusalem",2010,98
"occupied Palestinian territory, including east Jerusalem",2009,99
"occupied Palestinian territory, including east Jerusalem",2008,99
"occupied Palestinian territory, including east Jerusalem",2007,99
"occupied Palestinian territory, including east Jerusalem",2006,99
"occupied Palestinian territory, including east Jerusalem",2005,99
"occupied Palestinian territory, including east Jerusalem",2004,98
"occupied Palestinian territory, including east Jerusalem",2003,99
"occupied Palestinian territory, including east Jerusalem",2002,96
"occupied Palestinian territory, including east Jerusalem",2001,97
"occupied Palestinian territory, including east Jerusalem",2000,92
Oman,2023,99
Oman,2022,99
Oman,2021,99
Oman,2020,99
Oman,2019,99
Oman,2018,99
Oman,2017,99
Oman,2016,99
Oman,2015,99
Oman,2014,99
Oman,2013,99
Oman,2012,99
Oman,2011,99
Oman,2010,99
Oman,2009,99
Oman,2008,99
Oman,2007,99
Oman,2006,99
Oman,2005,98
Oman,2004,99
Oman,2003,98
Oman,2002,98
Oman,2001,98
Oman,2000,98
Pakistan,2023,96
Pakistan,2022,95
Pakistan,2021,93
Pakistan,2020,91
Pakistan,2019,93
Pakistan,2018,90
Pakistan,2017,86
Pakistan,2016,86
Pakistan,2015,86
Pakistan,2014,85
Pakistan,2013,84
Pakistan,2012,84
Pakistan,2011,83
Pakistan,2010,74
Pakistan,2009,74
Pakistan,2008,75
Pakistan,2007,77
Pakistan,2006,77
Pakistan,2005,78
Pakistan,2004,78
Pakistan,2003,80
Pakistan,2002,82
Pakistan,2001,78
Pakistan,2000,74
Panama,2023,99
Panama,2022,99
Panama,2021,99
Panama,2020,99
Panama,2019,99
Panama,2018,99
Panama,2017,99
Panama,2016,99
Panama,2015,99
Panama,2014,99
Panama,2013,95
Panama,2012,98
Panama,2011,99
Panama,2010,99
Panama,2009,99
Panama,2008,98
Panama,2007,97
Panama,2006,98
Panama,2005,99
Panama,2004,99
Panama,2003,99
Panama,2002,99
Panama,2001,99
Panama,2000,99
Papua New Guinea,2023,43
Papua New Guinea,2022,48
Papua New Guinea,2021,42
Papua New Guinea,2020,52
Papua New Guinea,2019,45
Papua New Guinea,2018,52
Papua New Guinea,2017,62
Papua New Guinea,2016,72
Papua New Guinea,2015,67
Papua New Guinea,2014,84
Papua New Guinea,2013,93
Papua New Guinea,2012,91
Papua New Guinea,2011,91
Papua New Guinea,2010,88
Papua New Guinea,2009,89
Papua New Guinea,2008,80
Papua New Guinea,2007,81
Papua New Guinea,2006,90
Papua New Guinea,2005,90
Papua New Guinea,2004,89
Papua New Guinea,2003,89
Papua New Guinea,2002,84
Papua New Guinea,2001,81
Papua New Guinea,2000,88
Paraguay,2023,78
Paraguay,2022,79
Paraguay,2021,79
Paraguay,2020,84
Paraguay,2019,87
Paraguay,2018,91
Paraguay,2017,96
Paraguay,2016,94
Paraguay,2015,96
Paraguay,2014,96
Paraguay,2013,91
Paraguay,2012,93
Paraguay,2011,94
Paraguay,2010,93
Paraguay,2009,91
Paraguay,2008,94
Paraguay,2007,98
Paraguay,2006,99
Paraguay,2005,98
Paraguay,2004,97
Paraguay,2003,88
Paraguay,2002,83
Paraguay,2001,86
Paraguay,2000,85
Peru,2023,87
Peru,2022,89
Peru,2021,87
Peru,2020,87
Peru,2019,94
Peru,2018,94
Peru,2017,92
Peru,2016,90
Peru,2015,91
Peru,2014,94
Peru,2013,95
Peru,2012,95
Peru,2011,91
Peru,2010,95
Peru,2009,97
Peru,2008,97
Peru,2007,96
Peru,2006,96
Peru,2005,95
Peru,2004,95
Peru,2003,94
Peru,2002,92
Peru,2001,87
Peru,2000,93
Philippines,2023,91
Philippines,2022,87
Philippines,2021,71
Philippines,2020,88
Philippines,2019,89
Philippines,2018,89
Philippines,2017,90
Philippines,2016,90
Philippines,2015,85
Philippines,2014,88
Philippines,2013,92
Philippines,2012,95
Philippines,2011,94
Philippines,2010,93
Philippines,2009,92
Philippines,2008,91
Philippines,2007,90
Philippines,2006,91
Philippines,2005,91
Philippines,2004,91
Philippines,2003,86
Philippines,2002,85
Philippines,2001,92
Philippines,2000,92
Poland,2023,90
Poland,2022,90
Poland,2021,92
Poland,2020,91
Poland,2019,91
Poland,2018,91
Poland,2017,92
Poland,2016,93
Poland,2015,94
Poland,2014,92
Poland,2013,93
Poland,2012,94
Poland,2011,94
Poland,2010,93
Poland,2009,94
Poland,2008,93
Poland,2007,93
Poland,2006,94
Poland,2005,94
Poland,2004,94
Poland,2003,93
Poland,2002,95
Poland,2001,95
Poland,2000,96
Portugal,2015,32
Portugal,2014,99
Portugal,2013,99
Portugal,2012,99
Portugal,2011,97
Portugal,2010,96
Portugal,2009,98
Portugal,2008,98
Portugal,2007,98
Portugal,2006,99
Portugal,2005,89
Portugal,2004,83
Portugal,2003,81
Portugal,2002,81
Portugal,2001,82
Portugal,2000,82
Qatar,2023,99
Qatar,2022,99
Qatar,2021,99
Qatar,2020,98
Qatar,2019,99
Qatar,2018,99
Qatar,2017,99
Qatar,2016,97
Qatar,2015,97
Qatar,2014,90
Qatar,2013,98
Qatar,2012,97
Qatar,2011,97
Qatar,2010,99
Qatar,2009,98
Qatar,2008,97
Qatar,2007,96
Qatar,2006,99
Qatar,2005,99
Qatar,2004,99
Qatar,2003,99
Qatar,2002,99
Qatar,2001,99
Qatar,2000,99
Republic of Korea,2023,98
Republic of Korea,2022,98
Republic of Korea,2021,98
Republic of Korea,2020,98
Republic of Korea,2019,98
Republic of Korea,2018,98
Republic of Korea,2017,98
Republic of Korea,2016,98
Republic of Korea,2015,97
Republic of Korea,2014,99
Republic of Korea,2013,99
Republic of Korea,2012,99
Republic of Korea,2011,99
Republic of Korea,2010,96
Republic of Korea,2009,96
Republic of Korea,2008,96
Republic of Korea,2007,96
Republic of Korea,2006,98
Republic of Korea,2005,97
Republic of Korea,2004,93
Republic of Korea,2003,87
Republic of Korea,2002,89
Republic of Korea,2001,81
Republic of Korea,2000,73
Republic of Moldova,2023,96
Republic of Moldova,2022,93
Republic of Moldova,2021,98
Republic of Moldova,2020,95
Republic of Moldova,2019,94
Republic of Moldova,2018,96
Republic of Moldova,2017,96
Republic of Moldova,2016,97
Republic of Moldova,2015,97
Republic of Moldova,2014,97
Republic of Moldova,2013,96
Republic of Moldova,2012,99
Republic of Moldova,2011,98
Republic of Moldova,2010,98
Republic of Moldova,2009,96
Republic of Moldova,2008,98
Republic of Moldova,2007,98
Republic of Moldova,2006,99
Republic of Moldova,2005,97
Republic of Moldova,2004,99
Republic of Moldova,2003,99
Republic of Moldova,2002,99
Republic of Moldova,2001,99
Republic of Moldova,2000,99
Romania,2023,94
Romania,2022,97
Romania,2021,97
Romania,2020,97
Romania,2019,96
Romania,2018,96
Romania,2017,97
Romania,2016,84
Romania,2015,98
Romania,2014,98
Romania,2013,98
Romania,2012,99
Romania,2011,99
Romania,2010,99
Romania,2009,99
Romania,2008,99
Romania,2007,99
Romania,2006,99
Romania,2005,98
Romania,2004,99
Romania,2003,99
Romania,2002,99
Romania,2001,99
Romania,2000,99
Russian Federation,2023,96
Russian Federation,2022,96
Russian Federation,2021,95
Russian Federation,2020,95
Russian Federation,2019,96
Russian Federation,2018,95
Russian Federation,2017,95
Russian Federation,2016,96
Russian Federation,2015,96
Russian Federation,2014,96
Russian Federation,2013,96
Russian Federation,2012,96
Russian Federation,2011,95
Russian Federation,2010,96
Russian Federation,2009,96
Russian Federation,2008,96
Russian Federation,2007,97
Russian Federation,2006,97
Russian Federation,2005,97
Russian Federation,2004,96
Russian Federation,2003,97
Russian Federation,2002,97
Russian Federation,2001,96
Russian Federation,2000,96
Rwanda,2023,92
Rwanda,2022,99
Rwanda,2021,89
Rwanda,2020,89
Rwanda,2019,98
Rwanda,2018,97
Rwanda,2017,98
Rwanda,2016,99
Rwanda,2015,99
Rwanda,2014,99
Rwanda,2013,99
Rwanda,2012,99
Rwanda,2011,99
Rwanda,2010,99
Rwanda,2009,99
Rwanda,2008,93
Rwanda,2007,89
Rwanda,2006,98
Rwanda,2005,91
Rwanda,2004,86
Rwanda,2003,88
Rwanda,2002,81
Rwanda,2001,74
Rwanda,2000,81
Saint Kitts and Nevis,2023,95
Saint Kitts and Nevis,2022,93
Saint Kitts and Nevis,2021,96
Saint Kitts and Nevis,2020,98
Saint Kitts and Nevis,2019,99
Saint Kitts and Nevis,2018,97
Saint Kitts and Nevis,2017,97
Saint Kitts and Nevis,2016,96
Saint Kitts and Nevis,2015,95
Saint Kitts and Nevis,2014,99
Saint Kitts and Nevis,2013,94
Saint Kitts and Nevis,2012,95
Saint Kitts and Nevis,2011,99
Saint Kitts and Nevis,2010,91
Saint Kitts and Nevis,2009,93
Saint Kitts and Nevis,2008,95
Saint Kitts and Nevis,2007,97
Saint Kitts and Nevis,2006,99
Saint Kitts and Nevis,2005,99
Saint Kitts and Nevis,2004,89
Saint Kitts and Nevis,2003,99
Saint Kitts and Nevis,2002,99
Saint Kitts and Nevis,2001,95
Saint Kitts and Nevis,2000,99
Saint Lucia,2023,92
Saint Lucia,2022,89
Saint Lucia,2021,81
Saint Lucia,2020,89
Saint Lucia,2019,95
Saint Lucia,2018,99
Saint Lucia,2017,88
Saint Lucia,2016,96
Saint Lucia,2015,99
Saint Lucia,2014,89
Saint Lucia,2013,99
Saint Lucia,2012,99
Saint Lucia,2011,99
Saint Lucia,2010,97
Saint Lucia,2009,97
Saint Lucia,2008,99
Saint Lucia,2007,99
Saint Lucia,2006,94
Saint Lucia,2005,97
Saint Lucia,2004,99
Saint Lucia,2003,95
Saint Lucia,2002,95
Saint Lucia,2001,99
Saint Lucia,2000,91
Saint Vincent and the Grenadines,2023,98
Saint Vincent and the Grenadines,2022,94
Saint Vincent and the Grenadines,2021,62
Saint Vincent and the Grenadines,2020,99
Saint Vincent and the Grenadines,2019,99
Saint Vincent and the Grenadines,2018,99
Saint Vincent and the Grenadines,2017,99
Saint Vincent and the Grenadines,2016,99
Saint Vincent and the Grenadines,2015,99
Saint Vincent and the Grenadines,2014,98
Saint Vincent and the Grenadines,2013,96
Saint Vincent and the Grenadines,2012,97
Saint Vincent and the Grenadines,2011,99
Saint Vincent and the Grenadines,2010,90
Saint Vincent and the Grenadines,2009,80
Saint Vincent and the Grenadines,2008,87
Saint Vincent and the Grenadines,2007,93
Saint Vincent and the Grenadines,2006,99
Saint Vincent and the Grenadines,2005,95
Saint Vincent and the Grenadines,2004,99
Saint Vincent and the Grenadines,2003,87
Saint Vincent and the Grenadines,2002,91
Saint Vincent and the Grenadines,2001,99
Saint Vincent and the Grenadines,2000,99
Samoa,2023,99
Samoa,2022,96
Samoa,2021,92
Samoa,2020,99
Samoa,2019,96
Samoa,2018,68
Samoa,2017,89
Samoa,2016,81
Samoa,2015,86
Samoa,2014,92
Samoa,2013,90
Samoa,2012,90
Samoa,2011,95
Samoa,2010,87
Samoa,2009,92
Samoa,2008,98
Samoa,2007,91
Samoa,2006,84
Samoa,2005,86
Samoa,2004,93
Samoa,2003,73
Samoa,2002,98
Samoa,2001,98
Samoa,2000,97
Sao Tome and Principe,2023,80
Sao Tome and Principe,2022,87
Sao Tome and Principe,2021,93
Sao Tome and Principe,2020,94
Sao Tome and Principe,2019,95
Sao Tome and Principe,2018,96
Sao Tome and Principe,2017,94
Sao Tome and Principe,2016,92
Sao Tome and Principe,2015,97
Sao Tome and Principe,2014,95
Sao Tome and Principe,2013,97
Sao Tome and Principe,2012,99
Sao Tome and Principe,2011,99
Sao Tome and Principe,2010,99
Sao Tome and Principe,2009,99
Sao Tome and Principe,2008,99
Sao Tome and Principe,2007,98
Sao Tome and Principe,2006,98
Sao Tome and Principe,2005,98
Sao Tome and Principe,2004,99
Sao Tome and Principe,2003,99
Sao Tome and Principe,2002,96
Sao Tome and Principe,2001,92
Sao Tome and Principe,2000,81
Saudi Arabia,2023,96
Saudi Arabia,2022,98
Saudi Arabia,2021,94
Saudi Arabia,2020,95
Saudi Arabia,2019,52
Saudi Arabia,2018,98
Saudi Arabia,2017,97
Saudi Arabia,2016,98
Saudi Arabia,2015,98
Saudi Arabia,2014,98
Saudi Arabia,2013,99
Saudi Arabia,2012,99
Saudi Arabia,2011,98
Saudi Arabia,2010,98
Saudi Arabia,2009,98
Saudi Arabia,2008,98
Saudi Arabia,2007,96
Saudi Arabia,2006,95
Saudi Arabia,2005,96
Saudi Arabia,2004,95
Saudi Arabia,2003,94
Saudi Arabia,2002,98
Saudi Arabia,2001,94
Saudi Arabia,2000,94
Senegal,2023,92
Senegal,2022,92
Senegal,2021,92
Senegal,2020,99
Senegal,2019,96
Senegal,2018,94
Senegal,2017,99
Senegal,2016,97
Senegal,2015,95
Senegal,2014,95
Senegal,2013,97
Senegal,2012,97
Senegal,2011,97
Senegal,2010,97
Senegal,2009,97
Senegal,2008,98
Senegal,2007,96
Senegal,2006,94
Senegal,2005,92
Senegal,2004,95
Senegal,2003,77
Senegal,2002,70
Senegal,2001,89
Senegal,2000,89
Serbia,2023,98
Serbia,2022,96
Serbia,2021,98
Serbia,2020,98
Serbia,2019,98
Serbia,2018,98
Serbia,2017,97
Serbia,2016,98
Serbia,2015,98
Serbia,2014,98
Serbia,2013,97
Serbia,2012,98
Serbia,2011,99
Serbia,2010,99
Serbia,2009,98
Serbia,2008,99
Serbia,2007,98
Serbia,2006,99
Serbia,2005,98
Serbia,2004,97
Serbia,2003,94
Serbia,2002,91
Serbia,2001,88
Serbia,2000,85
Seychelles,2023,99
Seychelles,2022,99
Seychelles,2021,99
Seychelles,2020,99
Seychelles,2019,98
Seychelles,2018,97
Seychelles,2017,99
Seychelles,2016,99
Seychelles,2015,99
Seychelles,2014,98
Seychelles,2013,99
Seychelles,2012,99
Seychelles,2011,99
Seychelles,2010,99
Seychelles,2009,96
Seychelles,2008,99
Seychelles,2007,99
Seychelles,2006,99
Seychelles,2005,99
Seychelles,2004,99
Seychelles,2003,99
Seychelles,2002,99
Seychelles,2001,99
Seychelles,2000,99
Sierra Leone,2023,78
Sierra Leone,2022,73
Sierra Leone,2021,74
Sierra Leone,2020,72
Sierra Leone,2019,86
Sierra Leone,2018,88
Sierra Leone,2017,90
Sierra Leone,2016,92
Sierra Leone,2015,90
Sierra Leone,2014,90
Sierra Leone,2013,99
Sierra Leone,2012,98
Sierra Leone,2011,97
Sierra Leone,2010,97
Sierra Leone,2009,96
Sierra Leone,2008,91
Sierra Leone,2007,82
Sierra Leone,2006,83
Sierra Leone,2005,85
Sierra Leone,2004,86
Sierra Leone,2003,89
Sierra Leone,2002,76
Sierra Leone,2001,63
Sierra Leone,2000,74
Singapore,2023,98
Singapore,2022,98
Singapore,2021,98
Singapore,2020,98
Singapore,2019,98
Singapore,2018,99
Singapore,2017,99
Singapore,2016,99
Singapore,2015,99
Singapore,2014,99
Singapore,2013,99
Singapore,2012,99
Singapore,2011,99
Singapore,2010,99
Singapore,2009,99
Singapore,2008,99
Singapore,2007,99
Singapore,2006,98
Singapore,2005,98
Singapore,2004,99
Singapore,2003,99
Singapore,2002,98
Singapore,2001,98
Singapore,2000,99
Slovakia,2012,90
Slovakia,2011,97
Slovakia,2010,98
Slovakia,2009,97
Slovakia,2008,98
Slovakia,2007,98
Slovakia,2006,98
Slovakia,2005,98
Slovakia,2004,98
Slovakia,2003,98
Slovakia,2002,98
Slovakia,2001,93
Slovakia,2000,94
Slovenia,2004,96
Slovenia,2003,97
Slovenia,2002,97
Slovenia,2001,98
Slovenia,2000,98
Solomon Islands,2023,83
Solomon Islands,2022,88
Solomon Islands,2021,83
Solomon Islands,2020,82
Solomon Islands,2019,77
Solomon Islands,2018,83
Solomon Islands,2017,78
Solomon Islands,2016,80
Solomon Islands,2015,79
Solomon Islands,2014,81
Solomon Islands,2013,82
Solomon Islands,2012,85
Solomon Islands,2011,94
Solomon Islands,2010,91
Solomon Islands,2009,92
Solomon Islands,2008,92
Solomon Islands,2007,98
Solomon Islands,2006,99
Solomon Islands,2005,96
Solomon Islands,2004,99
Solomon Islands,2003,93
Solomon Islands,2002,87
Solomon Islands,2001,94
Solomon Islands,2000,99
Somalia,2023,37
Somalia,2022,37
Somalia,2021,37
Somalia,2020,37
Somalia,2019,37
Somalia,2018,37
Somalia,2017,37
Somalia,2016,37
Somalia,2015,37
Somalia,2014,37
Somalia,2013,37
Somalia,2012,37
Somalia,2011,39
Somalia,2010,41
Somalia,2009,29
Somalia,2008,36
Somalia,2007,38
Somalia,2006,40
Somalia,2005,50
Somalia,2004,50
Somalia,2003,65
Somalia,2002,60
Somalia,2001,70
Somalia,2000,69
South Africa,2023,79
South Africa,2022,84
South Africa,2021,86
South Africa,2020,86
South Africa,2019,84
South Africa,2018,70
South Africa,2017,75
South Africa,2016,79
South Africa,2015,83
South Africa,2014,93
South Africa,2013,88
South Africa,2012,86
South Africa,2011,84
South Africa,2010,81
South Africa,2009,82
South Africa,2008,84
South Africa,2007,79
South Africa,2006,79
South Africa,2005,76
South Africa,2004,78
South Africa,2003,81
South Africa,2002,84
South Africa,2001,86
South Africa,2000,89
South Sudan,2023,72
South Sudan,2022,72
South Sudan,2021,71
South Sudan,2020,69
South Sudan,2019,66
South Sudan,2018,66
South Sudan,2017,65
South Sudan,2016,52
South Sudan,2015,55
South Sudan,2014,55
South Sudan,2013,58
South Sudan,2012,65
South Sudan,2011,75
Sri Lanka,2023,99
Sri Lanka,2022,99
Sri Lanka,2021,99
Sri Lanka,2020,99
Sri Lanka,2019,99
Sri Lanka,2018,99
Sri Lanka,2017,99
Sri Lanka,2016,99
Sri Lanka,2015,99
Sri Lanka,2014,99
Sri Lanka,2013,99
Sri Lanka,2012,99
Sri Lanka,2011,99
Sri Lanka,2010,99
Sri Lanka,2009,99
Sri Lanka,2008,99
Sri Lanka,2007,99
Sri Lanka,2006,99
Sri Lanka,2005,99
Sri Lanka,2004,99
Sri Lanka,2003,99
Sri Lanka,2002,99
Sri Lanka,2001,98
Sri Lanka,2000,98
Sudan,2023,49
Sudan,2022,65
Sudan,2021,80
Sudan,2020,92
Sudan,2019,92
Sudan,2018,88
Sudan,2017,97
Sudan,2016,96
Sudan,2015,88
Sudan,2014,95
Sudan,2013,93
Sudan,2012,92
Sudan,2011,92
Sudan,2010,90
Sudan,2009,82
Sudan,2008,88
Sudan,2007,83
Sudan,2006,77
Sudan,2005,72
Sudan,2004,66
Sudan,2003,69
Sudan,2002,65
Sudan,2001,67
Sudan,2000,56
Sweden,2022,24
Sweden,2021,24
Sweden,2020,26
Sweden,2019,25
Sweden,2018,26
Sweden,2017,25
Sweden,2016,26
Sweden,2015,24
Sweden,2014,26
Sweden,2013,27
Sweden,2012,24
Sweden,2011,23
Sweden,2010,23
Sweden,2009,21
Sweden,2008,23
Sweden,2007,23
Sweden,2006,21
Sweden,2005,20
Sweden,2004,18
Sweden,2003,17
Sweden,2002,16
Sweden,2001,16
Sweden,2000,16
Syrian Arab Republic,2023,75
Syrian Arab Republic,2022,76
Syrian Arab Republic,2021,76
Syrian Arab Republic,2020,74
Syrian Arab Republic,2019,84
Syrian Arab Republic,2018,79
Syrian Arab Republic,2017,78
Syrian Arab Republic,2016,72
Syrian Arab Republic,2015,66
Syrian Arab Republic,2014,81
Syrian Arab Republic,2013,84
Syrian Arab Republic,2012,82
Syrian Arab Republic,2011,90
Syrian Arab Republic,2010,97
Syrian Arab Republic,2009,95
Syrian Arab Republic,2008,93
Syrian Arab Republic,2007,93
Syrian Arab Republic,2006,91
Syrian Arab Republic,2005,90
Syrian Arab Republic,2004,90
Syrian Arab Republic,2003,90
Syrian Arab Republic,2002,90
Syrian Arab Republic,2001,91
Syrian Arab Republic,2000,91
Trkiye,2023,98
Trkiye,2022,98
Trkiye,2021,95
Trkiye,2020,96
Trkiye,2019,96
Trkiye,2018,96
Trkiye,2017,93
Trkiye,2016,96
Trkiye,2015,96
Trkiye,2014,95
Trkiye,2013,96
Trkiye,2012,96
Trkiye,2011,96
Trkiye,2010,97
Trkiye,2009,96
Trkiye,2008,96
Trkiye,2007,94
Trkiye,2006,88
Trkiye,2005,88
Trkiye,2004,85
Trkiye,2003,88
Trkiye,2002,89
Trkiye,2001,95
Trkiye,2000,96
Tajikistan,2023,99
Tajikistan,2022,99
Tajikistan,2021,98
Tajikistan,2020,98
Tajikistan,2019,98
Tajikistan,2018,99
Tajikistan,2017,98
Tajikistan,2016,98
Tajikistan,2015,98
Tajikistan,2014,98
Tajikistan,2013,98
Tajikistan,2012,96
Tajikistan,2011,97
Tajikistan,2010,98
Tajikistan,2009,82
Tajikistan,2008,89
Tajikistan,2007,83
Tajikistan,2006,93
Tajikistan,2005,97
Tajikistan,2004,95
Tajikistan,2003,98
Tajikistan,2002,97
Tajikistan,2001,96
Tajikistan,2000,98
Thailand,2023,99
Thailand,2022,99
Thailand,2021,99
Thailand,2020,99
Thailand,2019,99
Thailand,2018,99
Thailand,2017,99
Thailand,2016,99
Thailand,2015,99
Thailand,2014,99
Thailand,2013,99
Thailand,2012,99
Thailand,2011,99
Thailand,2010,99
Thailand,2009,99
Thailand,2008,99
Thailand,2007,99
Thailand,2006,99
Thailand,2005,99
Thailand,2004,99
Thailand,2003,99
Thailand,2002,99
Thailand,2001,99
Thailand,2000,99
Timor-Leste,2023,90
Timor-Leste,2022,90
Timor-Leste,2021,90
Timor-Leste,2020,92
Timor-Leste,2019,93
Timor-Leste,2018,95
Timor-Leste,2017,95
Timor-Leste,2016,86
Timor-Leste,2015,79
Timor-Leste,2014,79
Timor-Leste,2013,86
Timor-Leste,2012,86
Timor-Leste,2011,79
Timor-Leste,2010,79
Timor-Leste,2009,74
Timor-Leste,2008,85
Timor-Leste,2007,74
Timor-Leste,2006,74
Timor-Leste,2005,70
Timor-Leste,2004,72
Timor-Leste,2003,72
Timor-Leste,2002,75
Togo,2023,91
Togo,2022,91
Togo,2021,98
Togo,2020,96
Togo,2019,98
Togo,2018,97
Togo,2017,89
Togo,2016,93
Togo,2015,93
Togo,2014,82
Togo,2013,97
Togo,2012,97
Togo,2011,97
Togo,2010,97
Togo,2009,91
Togo,2008,92
Togo,2007,91
Togo,2006,96
Togo,2005,96
Togo,2004,91
Togo,2003,79
Togo,2002,81
Togo,2001,83
Togo,2000,84
Tonga,2023,99
Tonga,2022,99
Tonga,2021,99
Tonga,2020,99
Tonga,2019,99
Tonga,2018,99
Tonga,2017,99
Tonga,2016,91
Tonga,2015,91
Tonga,2014,99
Tonga,2013,99
Tonga,2012,95
Tonga,2011,99
Tonga,2010,99
Tonga,2009,99
Tonga,2008,99
Tonga,2007,99
Tonga,2006,99
Tonga,2005,99
Tonga,2004,99
Tonga,2003,99
Tonga,2002,95
Tonga,2001,91
Tonga,2000,99
Tunisia,2023,85
Tunisia,2022,84
Tunisia,2021,85
Tunisia,2020,92
Tunisia,2019,91
Tunisia,2018,92
Tunisia,2017,91
Tunisia,2016,95
Tunisia,2015,97
Tunisia,2014,95
Tunisia,2013,97
Tunisia,2012,99
Tunisia,2011,98
Tunisia,2010,98
Tunisia,2009,98
Tunisia,2008,99
Tunisia,2007,99
Tunisia,2006,99
Tunisia,2005,98
Tunisia,2004,97
Tunisia,2003,93
Tunisia,2002,91
Tunisia,2001,91
Tunisia,2000,95
Turkmenistan,2023,98
Turkmenistan,2022,98
Turkmenistan,2021,98
Turkmenistan,2020,98
Turkmenistan,2019,98
Turkmenistan,2018,98
Turkmenistan,2017,98
Turkmenistan,2016,98
Turkmenistan,2015,99
Turkmenistan,2014,99
Turkmenistan,2013,98
Turkmenistan,2012,99
Turkmenistan,2011,98
Turkmenistan,2010,99
Turkmenistan,2009,99
Turkmenistan,2008,99
Turkmenistan,2007,99
Turkmenistan,2006,99
Turkmenistan,2005,99
Turkmenistan,2004,99
Turkmenistan,2003,99
Turkmenistan,2002,99
Turkmenistan,2001,99
Turkmenistan,2000,99
Tuvalu,2023,99
Tuvalu,2022,99
Tuvalu,2021,99
Tuvalu,2020,99
Tuvalu,2019,99
Tuvalu,2018,99
Tuvalu,2017,99
Tuvalu,2016,99
Tuvalu,2015,99
Tuvalu,2014,99
Tuvalu,2013,99
Tuvalu,2012,99
Tuvalu,2011,99
Tuvalu,2010,99
Tuvalu,2009,99
Tuvalu,2008,99
Tuvalu,2007,99
Tuvalu,2006,99
Tuvalu,2005,99
Tuvalu,2004,99
Tuvalu,2003,99
Tuvalu,2002,99
Tuvalu,2001,99
Tuvalu,2000,99
Uganda,2023,95
Uganda,2022,96
Uganda,2021,97
Uganda,2020,91
Uganda,2019,88
Uganda,2018,88
Uganda,2017,89
Uganda,2016,94
Uganda,2015,95
Uganda,2014,91
Uganda,2013,93
Uganda,2012,95
Uganda,2011,97
Uganda,2010,86
Uganda,2009,90
Uganda,2008,86
Uganda,2007,87
Uganda,2006,83
Uganda,2005,90
Uganda,2004,88
Uganda,2003,87
Uganda,2002,85
Uganda,2001,83
Uganda,2000,82
Ukraine,2023,84
Ukraine,2022,71
Ukraine,2021,86
Ukraine,2020,93
Ukraine,2019,84
Ukraine,2018,90
Ukraine,2017,84
Ukraine,2016,75
Ukraine,2015,39
Ukraine,2014,39
Ukraine,2013,95
Ukraine,2012,95
Ukraine,2011,90
Ukraine,2010,92
Ukraine,2009,94
Ukraine,2008,95
Ukraine,2007,98
Ukraine,2006,97
Ukraine,2005,96
Ukraine,2004,98
Ukraine,2003,98
Ukraine,2002,98
Ukraine,2001,98
Ukraine,2000,98
United Arab Emirates,2023,98
United Arab Emirates,2022,96
United Arab Emirates,2021,99
United Arab Emirates,2020,86
United Arab Emirates,2019,94
United Arab Emirates,2018,95
United Arab Emirates,2017,95
United Arab Emirates,2016,99
United Arab Emirates,2015,96
United Arab Emirates,2014,90
United Arab Emirates,2013,94
United Arab Emirates,2012,94
United Arab Emirates,2011,96
United Arab Emirates,2010,98
United Arab Emirates,2009,98
United Arab Emirates,2008,98
United Arab Emirates,2007,98
United Arab Emirates,2006,98
United Arab Emirates,2005,98
United Arab Emirates,2004,98
United Arab Emirates,2003,98
United Arab Emirates,2002,98
United Arab Emirates,2001,98
United Arab Emirates,2000,98
United Republic of Tanzania,2023,95
United Republic of Tanzania,2022,94
United Republic of Tanzania,2021,82
United Republic of Tanzania,2020,91
United Republic of Tanzania,2019,92
United Republic of Tanzania,2018,91
United Republic of Tanzania,2017,93
United Republic of Tanzania,2016,95
United Republic of Tanzania,2015,97
United Republic of Tanzania,2014,99
United Republic of Tanzania,2013,99
United Republic of Tanzania,2012,99
United Republic of Tanzania,2011,99
United Republic of Tanzania,2010,99
United Republic of Tanzania,2009,93
United Republic of Tanzania,2008,89
United Republic of Tanzania,2007,89
United Republic of Tanzania,2006,90
United Republic of Tanzania,2005,91
United Republic of Tanzania,2004,91
United Republic of Tanzania,2003,91
United Republic of Tanzania,2002,88
United Republic of Tanzania,2001,91
United Republic of Tanzania,2000,86
Uruguay,2023,99
Uruguay,2022,97
Uruguay,2021,99
Uruguay,2020,99
Uruguay,2019,99
Uruguay,2018,98
Uruguay,2017,98
Uruguay,2016,98
Uruguay,2015,98
Uruguay,2014,99
Uruguay,2013,98
Uruguay,2012,99
Uruguay,2011,99
Uruguay,2010,99
Uruguay,2009,99
Uruguay,2008,99
Uruguay,2007,99
Uruguay,2006,99
Uruguay,2005,99
Uruguay,2004,99
Uruguay,2003,99
Uruguay,2002,99
Uruguay,2001,99
Uruguay,2000,99
Uzbekistan,2023,99
Uzbekistan,2022,99
Uzbekistan,2021,99
Uzbekistan,2020,99
Uzbekistan,2019,99
Uzbekistan,2018,96
Uzbekistan,2017,99
Uzbekistan,2016,99
Uzbekistan,2015,99
Uzbekistan,2014,99
Uzbekistan,2013,99
Uzbekistan,2012,99
Uzbekistan,2011,99
Uzbekistan,2010,99
Uzbekistan,2009,99
Uzbekistan,2008,96
Uzbekistan,2007,99
Uzbekistan,2006,99
Uzbekistan,2005,93
Uzbekistan,2004,99
Uzbekistan,2003,99
Uzbekistan,2002,99
Uzbekistan,2001,98
Uzbekistan,2000,98
Vanuatu,2023,86
Vanuatu,2022,81
Vanuatu,2021,76
Vanuatu,2020,77
Vanuatu,2019,97
Vanuatu,2018,94
Vanuatu,2017,95
Vanuatu,2016,94
Vanuatu,2015,95
Vanuatu,2014,95
Vanuatu,2013,93
Vanuatu,2012,92
Vanuatu,2011,90
Vanuatu,2010,88
Vanuatu,2009,86
Vanuatu,2008,85
Vanuatu,2007,83
Vanuatu,2006,81
Vanuatu,2005,81
Vanuatu,2004,80
Vanuatu,2003,80
Vanuatu,2002,80
Vanuatu,2001,79
Vanuatu,2000,79
Venezuela (Bolivarian Republic of),2023,67
Venezuela (Bolivarian Republic of),2022,60
Venezuela (Bolivarian Republic of),2021,68
Venezuela (Bolivarian Republic of),2020,82
Venezuela (Bolivarian Republic of),2019,91
Venezuela (Bolivarian Republic of),2018,92
Venezuela (Bolivarian Republic of),2017,94
Venezuela (Bolivarian Republic of),2016,97
Venezuela (Bolivarian Republic of),2015,99
Venezuela (Bolivarian Republic of),2014,97
Venezuela (Bolivarian Republic of),2013,95
Venezuela (Bolivarian Republic of),2012,96
Venezuela (Bolivarian Republic of),2011,95
Venezuela (Bolivarian Republic of),2010,92
Venezuela (Bolivarian Republic of),2009,91
Venezuela (Bolivarian Republic of),2008,90
Venezuela (Bolivarian Republic of),2007,82
Venezuela (Bolivarian Republic of),2006,83
Venezuela (Bolivarian Republic of),2005,95
Venezuela (Bolivarian Republic of),2004,96
Venezuela (Bolivarian Republic of),2003,91
Venezuela (Bolivarian Republic of),2002,90
Venezuela (Bolivarian Republic of),2001,93
Venezuela (Bolivarian Republic of),2000,99
Viet Nam,2023,95
Viet Nam,2022,88
Viet Nam,2021,88
Viet Nam,2020,95
Viet Nam,2019,96
Viet Nam,2018,95
Viet Nam,2017,97
Viet Nam,2016,95
Viet Nam,2015,97
Viet Nam,2014,96
Viet Nam,2013,95
Viet Nam,2012,98
Viet Nam,2011,98
Viet Nam,2010,94
Viet Nam,2009,97
Viet Nam,2008,92
Viet Nam,2007,94
Viet Nam,2006,95
Viet Nam,2005,95
Viet Nam,2004,96
Viet Nam,2003,97
Viet Nam,2002,97
Viet Nam,2001,97
Viet Nam,2000,98
Yemen,2023,54
Yemen,2022,63
Yemen,2021,60
Yemen,2020,59
Yemen,2019,59
Yemen,2018,55
Yemen,2017,59
Yemen,2016,67
Yemen,2015,42
Yemen,2014,70
Yemen,2013,69
Yemen,2012,64
Yemen,2011,59
Yemen,2010,65
Yemen,2009,58
Yemen,2008,60
Yemen,2007,64
Yemen,2006,67
Yemen,2005,66
Yemen,2004,64
Yemen,2003,66
Yemen,2002,73
Yemen,2001,78
Yemen,2000,82
Zambia,2023,81
Zambia,2022,85
Zambia,2021,92
Zambia,2020,85
Zambia,2019,95
Zambia,2018,91
Zambia,2017,99
Zambia,2016,99
Zambia,2015,97
Zambia,2014,99
Zambia,2013,95
Zambia,2012,92
Zambia,2011,92
Zambia,2010,92
Zambia,2009,92
Zambia,2008,91
Zambia,2007,91
Zambia,2006,92
Zambia,2005,92
Zambia,2004,93
Zambia,2003,93
Zambia,2002,94
Zambia,2001,94
Zambia,2000,94
Zimbabwe,2023,96
Zimbabwe,2022,96
Zimbabwe,2021,88
Zimbabwe,2020,88
Zimbabwe,2019,95
Zimbabwe,2018,95
Zimbabwe,2017,95
Zimbabwe,2016,95
Zimbabwe,2015,90
Zimbabwe,2014,99
Zimbabwe,2013,95
Zimbabwe,2012,98
Zimbabwe,2011,98
Zimbabwe,2010,99
Zimbabwe,2009,90
Zimbabwe,2008,91
Zimbabwe,2007,87
Zimbabwe,2006,84
Zimbabwe,2005,80
Zimbabwe,2004,76
Zimbabwe,2003,78
Zimbabwe,2002,80
Zimbabwe,2001,82
Zimbabwe,2000,84
